"(vii)	Minyur kiyik mach kosa ?eyo dhokasik",,,,,,,,,,,
"(viii)	Minyur kiwachi ni ""pii",,,,,,,,,,,
"(ix)	Kiwach ni ""Mwenge"" ioti pa minyur, kend ?ata omedho kidonji ioti no",,,,,,,,,,,
"(x)	Minyur kod nyathi jo nindo iboke pendi, kego piny, aka nyarwanda malo",,,,,,,,,,,
"(xi)	Ka tekin dhako nywol iriwo dukino Athu idhiot aka munyo minyur yawok ithono pii i dukino no aka pii no thon both nyathi piny ka; meno onyo alwo?o marapena",,,,,,,,,,,
"(xii)	Jo yikere wiy jo ?iyo yo kuma wa?  chie? wok iye (east)",,,,,,,,,,,
"""Mama awuya Biranga Luwo gi samba",,,,,,,,,,,
ee mama awuya Biranga,,,,,,,,,,,
"Jo wero wer me ni rupir munyo jopokere wok bothi biranga wadi, jo luwo gichie? ?iyo samba samba",,,,,,,,,,,
"(ii)	""Owinyi lando manjiwo ja mare ochamo, o, o o, lando manago gero",,,,,,,,,,,
Jo wero wer me ka jo kwedo jo Biranga man gye ni pama wa pokere kichutho oripo jamere ochamo gipere,,,,,,,,,,,
"(iii)	""Jo gwe jochamiji Bino a, a, jo gwe ?anda arara bino",,,,,,,,,,,
"I wer me jowacho ni jo Biranga man jonek, jochale kod arara, amu?iyo Biranga Owiny kod p'Ariko joripo ringo kuma jo ni iye",,,,,,,,,,,
  Dwo?   mere ni joripo pokirok wok bothi Biranga man,,,,,,,,,,,
JaDwo?   nono pajo marapena chango oketh go i oro 1945,,,,,,,,,,,
"  Aka tich machango jo asa ?eyirok iiye: lweny, dwar, chuech degi, aditin kod dere, kod goyo tongol, fumbo gi bunde",,,,,,,,,,,
"  KUNU pajo nitye ikabedo milwo?o ni Simwengi yo Katandi, kanyago nitye Lul kod tele",,,,,,,,,,,
"(ii)	Biranga Nyaka?o kod Abwor",,,,,,,,,,,
"Biranga me ama jowacho ni ""Wajo pa Nyaka?o kosa Wa jo p'Abwor"" jonywomere kod Biranga Owiny kod p'Ariko",,,,,,,,,,,
"  Ikabedo pajo machon jochako Mikera, Maundo, Paya kod Kidoko akanyaka jolak i Padhola gye",,,,,,,,,,,
"Oka?o,	Olek,	Ana?a,	Gundi,	Kalogo,",,,,,,,,,,,
"Dibworo,	Abwe?a,	Aroba,	Sipa?a,	Okeya,",,,,,,,,,,,
"Nyaka?o,	Osire,	Abo?o,	Akawi,	Ome,",,,,,,,,,,,
"Abwor,	Olope,	Adi?",,,,,,,,,,,
"(i)	Yath milwo?o ni Kikwala, kited gine kendo kadhako onwa?o nitye kod iiye aka o?eyo kikwala ni iiye no podho woko",,,,,,,,,,,
"(ii)	Minyur kod nyath jo nindo iboke nyarwanda",,,,,,,,,,,
"(iii)	Kadhako onywol kwon miyatedo riminyur kal mere kirego kidhir gi chingijo, idhiro gi ywech kende",,,,,,,,,,,
"  Ika1 no bel kibed iye kada'chiel, kendo ?ata rego ki?ul chinge law",,,,,,,,,,,
"  Kwon mere iguro kod yath milwo?o ni dukino athu; moko kodo? kidok tedi gine riminyur no, iregarega moko man",,,,,,,,,,,
"  Minyur kachiemo aka diel kosa dhia? ywa?  kidok chie? nindo aninda kech, amo?iyo minyur chiemo diryo kende, ka diegi kod dhok otyek tero isa, chiemo inyango kod iwa?  chie? milwo?o ni andela",,,,,,,,,,,
" Minyur kicham chiemo man gye kafuod kowok, kwanyowoko kwon kod nyuka",,,,,,,,,,,
"(iv)	Ioti minyur bel kod mwenge kibed iye",,,,,,,,,,,
"(v) 	Minyur kiyik mach, kendo pii mamadho imiya miya idhoke",,,,,,,,,,,
"(vi) 	Oti minyur kiywey tundo kuma wok iye",,,,,,,,,,,
"(vii) 	Jo yikere wiyijo ?iyo yo kuma wa?  chie? wok iye (east)",,,,,,,,,,,
"(i)	""Mama awuyo Biranga Luwo gisamba ee,",,,,,,,,,,,
"Mama awuya Biranga owe,",,,,,,,,,,,
"Mama awuya Biranga Luwo gijwom ee,",,,,,,,,,,,
Mama awuya Biranga owe,,,,,,,,,,,
"(ii)	""Jachandi chamo nyarye?a to Owiny ni kere",,,,,,,,,,,
"(iii)	""Jochayo to? pa Osire/Oyire, Jochayo,",,,,,,,,,,,
Jochayo to? pa Osire wa nonen mo pa lando,,,,,,,,,,,
"To? miwero me chango obedo JaDwo?   milwo?o ni Osire obedo kod bidhi pere, to ji chayo swa ni kada kidh gine, ilweny kinyali timo gimoro",,,,,,,,,,,
  To rumachie? to lweny tundo ni opoy Osire oDwo?  o kod dhia? lando mumboo swa muhembira yo lweny,,,,,,,,,,,
JaDwo?   nono pajo marapena oketh i oro 1945,,,,,,,,,,,
"  Tich machango jo osa ?eyirok iiye: lweny, dwar, goyo achiel, kod chuech",,,,,,,,,,,
"  KUNU pajo nitye aryo, man yo Maundo aka man yo Nawire",,,,,,,,,,,
"(iii)	Raga?",,,,,,,,,,,
"Nono Raga? paka atito ichako ma siro marabich me, wati kod jo Biranga gye",,,,,,,,,,,
  Jogye nyikwa?  Omolo wod Adhola,,,,,,,,,,,
"Jo Raga? jo pakere ni jo nono Agak, kajo poyo baa jo Masawa ma chango onywol go rut kod Agak",,,,,,,,,,,
  Kabedo machango jochako bedo iye a yo Molo yokew kod jo Misowa odoko kod yo Paya,,,,,,,,,,,
"  Chango jo chwoko ka bedo no ni Omolo kajo poyo kwa?  jo, to romachie? tiwiro ni Molo",,,,,,,,,,,
"Raga?,	Banda,	Jamitero,	Okada,	Gundi,",,,,,,,,,,,
"Anyuka,	Obela,	Atwomo,	Mupyana,	Orono,",,,,,,,,,,,
"Abo?,	Okela,	Jamito,	Omolo,	Wanya?",,,,,,,,,,,
"(i)	Yath milwo?o ni Kikwala kited gine",,,,,,,,,,,
"(ii)	Yath milwo?o ni dukino Athu amitimo alikino miguro gine kwon ri minyur",,,,,,,,,,,
"(iii)	Minyur kod nyath jo nindo iboke pendi nyarwanda adek kosa a?wen, paka kweer nitye",,,,,,,,,,,
"(iv)	Minyur chiemo imatigija, kareno imatigija no ochom iye kudho alwi aryo ithenge kod thenge",,,,,,,,,,,
"(v)	Pii mitedo gine chiemo pa minyur kithon piny, kothon ti?eyo pii no, ti?iyo gi man",,,,,,,,,,,
"(vi)	Jo yikere wiyijo ?iyo yo kuma wa?  chie? wok iye (east)",,,,,,,,,,,
"(i)	""Konee wanyikwa?  Omolo atimo madiwon iyan oda?an!""",,,,,,,,,,,
"(ii)	""Owiny gi Raga? wilaro ker a?o?""",,,,,,,,,,,
"Jowero wer me ka jo penjo nyawot jo, Biranga Owiny, ni a?o mu?iyo jopokere nichango jolaro rwoth a?o?",,,,,,,,,,,
JoDwo?   nono pajo marapena oketh i oro 1945,,,,,,,,,,,
"  Tich machango jo asa ?eyere iiye: lweny, pach, kwoyo bunde kod goyo fumbo, tongol gi gwara",,,,,,,,,,,
"  KUNU pajo nitye kadiryo, Igunda pa Omolo yo Molo aka man jowacho ni nitye yo tele ma Misowa ma Wasungu jo lwo?o ni Elgon",,,,,,,,,,,
SIRO 6,,,,,,,,,,,
NONO JEP-ODWI,,,,,,,,,,,
Nono me kadanende nyingi jo olwoowere ni Jep-Odwi kosa ni Odwi-Jep jo nono achie? kende,,,,,,,,,,,
  Ji aryo me Odwi kod Jep chango Adhola amonywolo jo,,,,,,,,,,,
"  To nenere ni chango jobedo nyithindho majoluwere aka odoko jomitere tek tek, kir nyithindho pajo gye to jomitere to ?iyo nono me bedo makopokere",,,,,,,,,,,
  Kabedo pawutimere me chango obedo wi got milwo?o ni Amele yo Paya; kenyo ama Jep otho iye aka omini mere Odwi otho gi Soni,,,,,,,,,,,
"  Nyikwayi Jep jodit yo Paya kod Soni, aka nyikwa?  Odwi jodit yo Gombila?iyolwa kod Mulanda",,,,,,,,,,,
"  Chalo chango obedo dhaw moro mu?iyo nyikwayi Odwi joringo yo Mawele aka nyikwa?  Jep jodo? yo Lul, to kende kada ameno jo kopoko nono",,,,,,,,,,,
"Nono me nyingi jo man ma jopakere gine jowacho ni ""Wajo p'Odwi-Jep ?anda Adundo",,,,,,,,,,,
"""  Jowacho ameno rupir ni chango welo pajo nok",,,,,,,,,,,
  Nyingi jo madongo mati jochwoko ame:,,,,,,,,,,,
"Achandere,	Ochuna,	Arwo?,	Aryo?a,	Achera,",,,,,,,,,,,
"Odwi,	Asipa,	Olwalo,	Opuka,	Ofumula,",,,,,,,,,,,
"Jep,	Opoto,	Aryonji,	Onderi,	Mayamba,",,,,,,,,,,,
"Misirwenyi,	Arojo,	Owinda,	Nyamuwere",,,,,,,,,,,
"(i)	Mon jo pa Jep-Odwi jokicham diegi tundo kuma jo chok iye nywol, kendo kadhako nitye kod iye kikali kosa ?eyo omunye diel kosa lach mere",,,,,,,,,,,
"(ii)	Yath milwo?o ni ogeli jokited gine",,,,,,,,,,,
"(iii)	Minyur kod nyath jonindo iboke pendi nyarwanda, kendo kunyo ithumo boke no mopodho piny kidim",,,,,,,,,,,
"(iv)	Kunyo ithumo peendi nyath jomobedo kenyo gye jobuno pii idhokijo akajo ?uri gi pii no idhokijo, didek kosa di?wen paka kweer nitye; aka kotyek thumo, tojo gye jo?ulo pii kiromo ni pwaaa",,,,,,,,,,,
"(v)	Minyur chiemo ikor pendi nyarwanda, kendo go kiyiki mach",,,,,,,,,,,
"(vi)	Ndiri maminyur wok, indelo mara Apipili (nen Adech III, Siro 4)",,,,,,,,,,,
" gwara ywa?  thumi bende mor, aka imyelo kithoko oti kweer adek kosa a?wen; aka boke ogel adek kosa a?wen itwomo gine pii kosa ko?o akithono idhok mini nywol",,,,,,,,,,,
"(vii)	Jo yikere wiyigin neno yo Sudan (north)",,,,,,,,,,,
"(i)	""?anda adundo ee, e, e, e Jep-Odwi kipo? ryete",,,,,,,,,,,
?anda adundo ?ata kuro ogwa?  won o?ey,,,,,,,,,,,
"(ii)	""Ke?eyo alinda ngwe morika chi?a",,,,,,,,,,,
?ata okuro ogwa?  won ?eyo,,,,,,,,,,,
JaDwo?   nono Jep-Odwi marapena oketh i oro 1945,,,,,,,,,,,
"  Tich machango jo asa ?eyere iiye: lweny, goch fumbo kod tongol, kendo jotemo ye kitana jii gi joloka ma Busoga",,,,,,,,,,,
"  Jo nitye kod KUNU aryo, marapena goti manitye yo Paya milwo?o ni Amele; aka mararyo nitye Sirongo chiegin kod jwom Wadama, manago tele bende ilwo?o Sirongo",,,,,,,,,,,
SIRO 7,,,,,,,,,,,
NONO KATHOWA,,,,,,,,,,,
"Nono Kathowa nitye achie? kende ma kopokere, aka jal milwo?o ni Kathowa wod pa Adhola amonywolo jo",,,,,,,,,,,
  Nono me jo more yo loka milwo?o ni Kathowa iyadech ma Mbula,,,,,,,,,,,
"Nyingi jo man ma jo pakere gine jowacho ni ""Wa jo Kathowa chiewi yengo kondo",,,,,,,,,,,
"""  Nyingi jo madongo mati jochwoko ame:",,,,,,,,,,,
"Alemi,	Nyasya?a,	Okuna,	Obiro,	Asuru,",,,,,,,,,,,
"Ali?a,	Mbele,	Kathowa",,,,,,,,,,,
"(i)	Paka jowacho ni nono pajo nono Chiewi amu?iyo jo kigeyi kosa chamo ogwa?  chiewi meno akweer maDwo?  ",,,,,,,,,,,
"(ii)	Kudho Alwi jo kited gine kada kolo gine tiendijo",,,,,,,,,,,
"(iii)	Minyur kod nyath jonindo iboke pendi nyarwanda",,,,,,,,,,,
"(iv)	Minyur chiemo i kor pendi kareno ochom kudho alwi itheng kor pendi no",,,,,,,,,,,
"(v)	Jo yikere wiyijo neno yokuma wa?  chie? podho iye (west)",,,,,,,,,,,
"(i)	""Alijegeje chiewi yengo kondo wajo Kathowa ngira busa",,,,,,,,,,,
"(ii)	""Muga nyakawa waneko sagata amele",,,,,,,,,,,
JaDwo?   nono Kathowa marapena oketh i oro 1945,,,,,,,,,,,
"  Tich machango jo asa ?eyere iiye: lweny, dwa?  kod ch?eyo chipi",,,,,,,,,,,
  KUNU pajo nitye yo Senda i tele milwo?o ni Pasakula,,,,,,,,,,,
SIRO 8,,,,,,,,,,,
NONO JO KOCH,,,,,,,,,,,
Nono koch chango Adhola amunywolo baa jo milwo?o ni Mawuya,,,,,,,,,,,
"  To gimo?iyo jo kotero nyingi jo ni wanono Mawuya, jowacho ni chango onywol jo wuti mere kod O?er; to munyo jokidho fur to koth ero chwe to O?er rilithirok pere to ringo ilul ?eyo wa?  furo; amu?iyo wa?  mudo? imuga me, jo chwokere ni wajo ""Koch, wakoch wok both O?er",,,,,,,,,,,
"""  (Akuma owok iye agecha mawacho ni lithirok o?iyo O?er otwi yiwe",,,,,,,,,,,
"Tiend nywolirok obedo ama, Adhola onywolo Rut, Mawuya kod O?er",,,,,,,,,,,
"  Mawuya to nywolo Kadowa?  Kadowa to nywolo Mbulante, aka Mbu1ante onywolo yach me, Okeya, Jakondo, Olando kod Obongiti",,,,,,,,,,,
"  Mawuya chango otho gigunda pere yo Maundo, to romachie? to nyithindho pere jotuk Poyemi kamilwo?o ni Umanda, kod Nyamalogo akuma nitye iye kir KUNU pajo witele milwo?o ni Nyamanda, to ti jolak Padhola gye gipi",,,,,,,,,,,
"  Nyingi jo man jowacho ni ""Wa jo koch wa jo O?er",,,,,,,,,,,
"""  Aka nyingijo madongo mati jochwoko ame:",,,,,,,,,,,
"Mawuya,	Jawumanda,	Olando,	Wamugoya,	Jabbo,",,,,,,,,,,,
"Kadowa,	Mbulante,	Damba,	Onyanya,	Okeya,",,,,,,,,,,,
"Pero,	Jakondo,	Kibisa,	Aute",,,,,,,,,,,
"(i)	Kweer pajo maDwo?  , O?er ni meno ominijo",,,,,,,,,,,
"  Kituch O?er both nyath ma?ich, kendo kadhako nitye kod iye aka onwa?o kidho woth kamoro kosa onwa?o kidho thugin, aka neni kosa romi kod O?er, togik agika, kidok kidh yowoth no",,,,,,,,,,,
  Kiryem O?er indelo,,,,,,,,,,,
"(ii)	Nyiger akweer maluwo O?er iDwo?  , aka kiri iwer bende jowero gigipiny aryo me kende",,,,,,,,,,,
"(iii)	Japidi nyath kigey odi nyiger",,,,,,,,,,,
"(iv)	Minyur chiemo kosa na?o nyuka ikor pendi nyarwanda",,,,,,,,,,,
"(v)	Minyur kiyik mach kafuod kweer mawok korumo",,,,,,,,,,,
"(vi)	Jo yikere wiyijo ?iyo yo Sudan (north)",,,,,,,,,,,
"(i)	""Kitye eee, e, Kitye won pech owa?",,,,,,,,,,,
"(ii)	""Jochayo ?anda wambwe, jochayo, ropir kama chango O?er oringo ilul Mawuya odo? kende",,,,,,,,,,,
"(iii)	""Omwana we Nkima wewule",,,,,,,,,,,
Wer maradek me owok kwom moni pajo machango jo asa nywomo wok yo Busoga aka moni no amajo wiro wer kod Dhowasoga,,,,,,,,,,,
"JaDwo?   nono pajo marapena chango odimi i oro 1908, gimo kelo dimirok me bedo chon ye ama rupir JaDwo?   no chango idimigo bende bedo Rwoth",,,,,,,,,,,
  Ra ameno tekin chamo rwoth to bedo bende jatel nono pajo gipi,,,,,,,,,,,
  Tich machango jo asa ?eyere iiye: lweny kod migimba koth,,,,,,,,,,,
SIRO 9,,,,,,,,,,,
NONO KOI,,,,,,,,,,,
Nono Koi gye chango baa jo achiel,,,,,,,,,,,
"  Nywolirok pajo obedo ama, Adhola onywolo Koi aka Koi onywolo yach aryo Katandi kod Wangara",,,,,,,,,,,
  Katandi onywoligo ikabedo milwo?o ni Katandi chiegin Nagongera aka Wangara onywoligo Maundo,,,,,,,,,,,
"Nono me chango jo chako bedo iyadech ma Nagongera kod yo Nyamalogo, akanyaka jolak i Padhola gipi",,,,,,,,,,,
"Wok chon nyikwa?  Katandi kod Wangara onwa?o nono achiel, Koi",,,,,,,,,,,
"  To romachie? jopokere rupir nyikwa?  Katandi onwa?o joyiliyili jomito nekoji aka ichulo kwor mere ineko kir jo pa Wangara (nen Adech II, Siro 1)",,,,,,,,,,,
  Ra'meno to jo pokere to jo chako kir nywomirok onyo pama jotemo ye ni jo odok joriwere to fuod konyalere,,,,,,,,,,,
"(i)	Koi Katandi",,,,,,,,,,,
"Nyingijo man jowacho ni ""Wa jo Kwach",,,,,,,,,,,
""" Aka nyingijo madongo mati jo chwoko ame:",,,,,,,,,,,
"Mwera,	Og?eyo,	Wakaniaga,	Aule,	Kamira,",,,,,,,,,,,
"Katandi,	Okwalo,	Jasu,	Mo?onapa,	Obanja,",,,,,,,,,,,
"Osira,	Oyath,	Aabo,	Miron,	Kisalaka,",,,,,,,,,,,
"Oware,	Olele,	Onyama,	Tekere,	Malawa,",,,,,,,,,,,
"Mo?,	Nyamwaya,	Mayingo,	A?ura,	Mayeye,",,,,,,,,,,,
"JaDwo?  ,	Opyakoli,	Opilo,	Onapa,	Nya?onda",,,,,,,,,,,
"(i)	Kweer maDwo?   ""Kwach,"" jo kichami kada pyen mere jo kigey",,,,,,,,,,,
"(ii)	Minyur kimak agwata akatwomi pii itwomatwoma rigo, kendo kiyik mach",,,,,,,,,,,
"(iii)	Minyur chiemo ikor pendi, aka ichodha chodha chiemo no gi kor pendi bende, kendo kachiemo obudho akapodh piny kidok chie? indelo no nindaninda kech",,,,,,,,,,,
"(iv)	Nyathi kod minyur jonindo iboke pendi nyarwanda",,,,,,,,,,,
"(v)	Ka Sikondi obino olak ri minyur ichiemo pere, meno nyutho silwanyi maber",,,,,,,,,,,
"(vi)	Jo yikere wiyijo neno yo kuma wa?  chie? podho iye (west)",,,,,,,,,,,
"(i) 	""Alinda kachi?a Alindangwe-Kwach",,,,,,,,,,,
"(ii)	""Chwo nindo woko e, e, e, e chwo nindo woko alimbaka",,,,,,,,,,,
JaDwo?   nono pajo marapena chango oketh i oro 1941,,,,,,,,,,,
"  Tich machango jo asa ?eyere iiye: lweny, dwa?  kod chuech",,,,,,,,,,,
  KUNU pajo nitye aryo marapena nitye Katandi wi tele milwo?o ni Nyafumba aka mararyo nitye Nyamalogo wi tele Nyamanda,,,,,,,,,,,
(ii) Koi Wangara,,,,,,,,,,,
"Koi me nyingijo man jowacho ni ""Wa jo gwe ?anda, arara bino",,,,,,,,,,,
"""  Ni rupir chango jobedo ji mowor swa paka arara",,,,,,,,,,,
  Nyingijo madongo mati jo chwoko ame:,,,,,,,,,,,
"Wangara,	Onder,	Otyaka,	Opya?i,	Adome,",,,,,,,,,,,
"Nyingara,	Sidyemi,	Abila,	Kapisi,	Awacho,",,,,,,,,,,,
"Wenda,	Chwodho,	Kasala,	Oruk,	Onyemba,",,,,,,,,,,,
Omeja,,,,,,,,,,,
"(i)	Kweer pajo maDwo?   Simbwor, arara kanyaminyami maDwo?  , machamo malomalo paka nono me chango",,,,,,,,,,,
"(ii)	Kithumo peendi nyath ikelo bel kod okoko ripo amiketho ikor pendi maremo chuer iye",,,,,,,,,,,
"(iii)	?ata omadho mwenge kidonji ioti maminyur nitye iye",,,,,,,,,,,
"(iv)	Itedo idegi manyien kende kende ka dhako onywol, kendo minyur no kiyik kosa ?eyo mach",,,,,,,,,,,
"(v)	Minyur kod nyath jonindo iboke pendi nyameji adek, kanyath manyichwo to ka manyako jonindo iboke pendi nyarwanda a?wen",,,,,,,,,,,
"(vi)	Kwon kosa nyuka pa minyur iguro kod yath milwo?o ni dukino Athu",,,,,,,,,,,
"(vii)	Law Sikondi i?iyo ichiemo pa minyur akachamo",,,,,,,,,,,
"(viii)	Jo yikere wiyijo ?iyo yo kuma wa?  chie? wok iye (east)",,,,,,,,,,,
"""Wajo gwe wajo pakirara wachamo malomalo",,,,,,,,,,,
Wajo gwe ?anda arara bino,,,,,,,,,,,
Me a kirembe pajo maDwo?  ,,,,,,,,,,,
"  Jo wacho ni kajomidho kosa mako gimoro jomako amaka kichutho kichutho, swa paka arara",,,,,,,,,,,
JaDwo?   nono marapena chango odimi i oro 1938,,,,,,,,,,,
"  Tich machango jo asa ?eyere iiye: lweny, dwar, chuech, theth kod pach",,,,,,,,,,,
  KUNU pajo nitye Maundo witele milwo?o ni Pasere,,,,,,,,,,,
SIRO 10,,,,,,,,,,,
NONO KOYO,,,,,,,,,,,
"Nono Koyo nitye achie? kende ma kopokere, aka nyingi jo man jo wacho ni ""Wa jo Koyo wa Joge",,,,,,,,,,,
"""  Wod pa Adhola milwo?o ni Ligeyi amachango onywolo nono me",,,,,,,,,,,
"  Ligeyi me chango onywol go rut kod Ogwa?  milwo?o ni Koyo (Ondiek) ameno amu?iyo nono me ochamo nyingijo ni Koyo, kendo kweer pajo maDwo?   kendo majo lwo?o tek tek aa ogwa?  Koyo",,,,,,,,,,,
"Ndir machon chango nono Koyo jolokere Ogwa?  Koyo won maka jowacho rin ni luw ?et ryete kacha aka abende aluw gikorin, to kati wiromo gi yo ?ete cha iromo aroma kod go munyo otyeko lokere ogwa?",,,,,,,,,,,
"  Ri ameno chango jo nono mani jolwo?o nono Koyo swa kidho gi jo dwaro obwol, menyo ?wen, kosa dimo yen",,,,,,,,,,,
"Ligey won chango onywolo wode achie? milwo?o ni Misir aka wode me amunywolo yach aboro: Othieno, Asiep, Pola, Dul, Nima, Wandya, Rombo kod Dibworo",,,,,,,,,,,
  Aka yach me bende amunywolo nono me gipi munyo pama nitye,,,,,,,,,,,
  Chango jo chako bedo iyadech milwo?o ni Mifumi aka nyaka jo kowere yo Mikiya kuma nitye tele ma Kunu pajo pama,,,,,,,,,,,
"  To ti jo asa nwa?ere yo Sukuru, Tororo, Kidera, Osia, Okwira, Omede kod iyadech madit i Padhola gipi",,,,,,,,,,,
"Ligeyi,	Alecho,	Apuwa,	Akany,	Nima,",,,,,,,,,,,
"Rombo,	Obela,	Mugumele,	Misir,	Pola,",,,,,,,,,,,
"Dibworo,	Asiep,	Osew,	Dul,	Wandya",,,,,,,,,,,
"(i)	Kweer maDwo?   aa Ogwa?  Koyo; jo kinek kendo jo kituch nyinge won ni ""Ondiek"" i oti paja Koyo",,,,,,,,,,,
"  Kendo dhako ja Koyo ka nitye gi iye aka tuch nyinge ka bothe to iyeno podhowoko, ka minyur to nyathi no tho kosa two tektek",,,,,,,,,,,
"  (Jo wacho ni chango chon, kadhako onywol ogwa?  me yado kelo akela ri minyur no ri?o lee kis ndir wok idudi",,,,,,,,,,,
"(ii)	Dhokasiki akweer mararyo i Dwo?   ka dhako onywo1 kigey dhokasiki kosa mach kosa tedo",,,,,,,,,,,
"(iii)	Ka dhano tero nyako, ka opor gine aka ogwa?  koyo ywaki, iDwo?  o aDwo?  a nyano kidok ter, rupir meno nyutho silwany marach",,,,,,,,,,,
"(iv)	Jo yikere wiy jo ?iyo kuma wa?  chie? podho iye (west)",,,,,,,,,,,
"""Oo Ee e Joge-Dala jo Koyo, dala jo Koyo dala jo Miliro,",,,,,,,,,,,
"Oo Ee e Joge-Dala jo Koyo, dala jo Koyo dala jo Miliro,",,,,,,,,,,,
"Wa ?anda Wambwe, wakipo?, ryete, wa dala jo Miliro",,,,,,,,,,,
JaDwo?   nono me marapena chango oketh i oro 1939,,,,,,,,,,,
  Aka tich ma yado jo asa timo: lweny kod dwar,,,,,,,,,,,
  KUNU pajo nitye witele Mikiya,,,,,,,,,,,
SIRO 11,,,,,,,,,,,
NONO LAKWAR,,,,,,,,,,,
Nono Lakwa?  nitye achie? kende ma kopokere diryo,,,,,,,,,,,
"  Chango JaDwo?   milwo?o ni Lakwar, wod pa Adhola amunywo1o nono me",,,,,,,,,,,
"  Kabedo pajo marapena obedo Paracham, Mwelo, kwo? tele milwo?o ni Kalanga; pama tele no a Kunu pajo",,,,,,,,,,,
  Wok Mwelo jokidho Soni kuma ochwok ni Soni Lakwa?  aka jomegi jolaro yo Nya?iyoga; iyadech aryo me ama fuod jo diti ye tek tek,,,,,,,,,,,
"Nyingi jo man jowacho ni ""Wa jo Lakwa?  wa jo pa Nyilando wa jo Kalanga",,,,,,,,,,,
"Nanga,	Mugaroya,	Mikew,	Achok,	Okalo-Dhia?,",,,,,,,,,,,
"Janonga,	Alia?a,	Obala,	Lakwar,	Fumbi,",,,,,,,,,,,
"Yecha,	Oko?o,	Obuya",,,,,,,,,,,
"(i) 	Kweer maDwo?   Nyilando, jowacho-nijo nono Nyilando",,,,,,,,,,,
"  (Nono me jochale kod nono jo Nam ri kweer ma Nyilando, nen Siro 14)",,,,,,,,,,,
"(ii)	Yath milwo?o ni kikwala kitedi gine",,,,,,,,,,,
"(iii)	Mon pa jo Lakwa?  kafuodi jonywol jokichami diegi",,,,,,,,,,,
"  (Ka, jo chale kod Jep-Odwi, nen Siro 6",,,,,,,,,,,
")  Aka, konywol diel kibedi chiegin kendo dhano kipima ywa?  pa diel ni mee i oti no",,,,,,,,,,,
"(iv)	Minyur kod nyathi jonindo i boke nyarwanda",,,,,,,,,,,
"(v)	Minyur chiemo ikor pendi",,,,,,,,,,,
"(vi)	Jo yikere Wiyijo ?iyo kuma wa?  chie? woki iye (east)",,,,,,,,,,,
"(i)	""Banja makorum a, a, wajo Kalanga nyaka Dwo?  o wakipo? laro",,,,,,,,,,,
"(ii)	""Se, se Nyilando onwa?o awacho gine o?eyo",,,,,,,,,,,
"(iii)	""Kijo Wanyiri Kalanga wakicham diel kere ti wachamo",,,,,,,,,,,
KUNU pajo nitye Mwelo iwiy tele milwo?o ni Kalanga,,,,,,,,,,,
  JaDwo?   nono Lakwa?  marapena oketh ioro 1953,,,,,,,,,,,
"  Aka tich machango jo asa ?eyere iye: lweny, dwar, chuech aditini gi goyo dere",,,,,,,,,,,
SIRO 12,,,,,,,,,,,
NONO LOLI,,,,,,,,,,,
"Nono jo Loli nitye achie? kende, ma kopokere",,,,,,,,,,,
  JaDwo?   milwo?o ni Loli wod p'Adhola amunywolo nono me,,,,,,,,,,,
"  Loli chango onywolo yach abich: Musiguya, Wire, Abo?o, Maseye kod Odere",,,,,,,,,,,
"  Nyathi pa Loli makayo milwo?o ni Musiguya chango ja Misowa milwo?o ni Musiguya amonwa?o ka dhako pa Loli nywolo, tichwoko nyingi nyath no ginyingi jalo",,,,,,,,,,,
"  Musiguya wod Lol me amobedo nyathi mu?eyere swa loyo wa?  gye, amu?iyo kiri pama Jololi jowacho ni jo ""Musiguya",,,,,,,,,,,
"""  Jowacho ameno kajo poyo wod pa Loli no makiwene ni kosa jopokere aka jomani jo Loli Musiguya aka jomani jo Loli makite mupokere",,,,,,,,,,,
"  Nono me chango jochako bedo Nyamalogo rumachie? to Loli tuk yo Korobudi, kuma nitye tele majo chwoko ni Oyali?oma ma pama KUNU pajo",,,,,,,,,,,
"Nyingi jo man majo pakere gine jo wacho ni ""Wa jo Loli Musiguya wa jo Buli Oyali?oma",,,,,,,,,,,
"""  Nyingi jo madongo mati jo chwoko ame:",,,,,,,,,,,
"Loli,	Musonjo,	Jamon,	Ondyeta,	Aso?iyo,",,,,,,,,,,,
"Musiguya,	Wakera,	Kato?o,	Jachune,	A?iro,",,,,,,,,,,,
"Wire,	Nyalulu,	Awayo,	Abu,	Opamere,",,,,,,,,,,,
"Abo?o,	Kisuwa,	Mukede,	Ayaro,	Okenye,",,,,,,,,,,,
"Maseye,	Ogwiko,	Oworo,	Wadembisa,	Ogola,",,,,,,,,,,,
"Odere,	A?opa,	Kamuge,	Okado,	Sigoli,",,,,,,,,,,,
"Nyijulu,	Jasa,	Wedi,	Akol,	Nyalwo?o,",,,,,,,,,,,
"Migewo,	Akweromon,	Sera,	Kipoy,	Jawa?e,",,,,,,,,,,,
"Muma,	Munje",,,,,,,,,,,
"(i) 	Kweer pajo maDwo?  , Jow kod Dhia? ni rupir chango Were open ?iyojo dhia?",,,,,,,,,,,
 (Ni dhano pajo milwo?o ni Maseye chango Were o?iyogo Dhia? matar magumo kod diel matar magumo aka gigipiny me okelo rijo ?a?o maditi,,,,,,,,,,,
"(ii)	Dukino Athu kited gine",,,,,,,,,,,
"(iii)	Minyur kod nyathi jonindo iboke pendi Nyarwanda",,,,,,,,,,,
"(v)	Kadhako onywol i kwanyo dhok kod diegi gye pecho itero gichieni aka dhakono chiemo rupir kadiel oywa?  munyo go chiemo ?eyo chiemo no kidok chie? tundo yawere mere",,,,,,,,,,,
"  (Nyithindho majokwath ka joneno dhako ma ja gwondo onywol, jokuro ndir munyo itoko iye chiemo ri dhako no to jo konjo diegi pecho, to diegi chako ywa?  to dhako no nindo kech ni meno agirachula mabedo ja gwondo!)",,,,,,,,,,,
"(vi)	I ndir ma minyur wok iye (ndelo mara Apipili nen Adech III, Siro 4) ndelo no, minyur chiemo ikor pendi karemo alithikwon manende ogurigine kwon kanyachie? kod dukino Athu, o?aw dhioti",,,,,,,,,,,
"(vii)	Jo yikere wiyijo ?iyo kuma wa?  chie? podho iye (west)",,,,,,,,,,,
Wer pajo:,,,,,,,,,,,
"(i)	""Oyali?oma?iyo?iyo Oyali?oma?iyo,",,,,,,,,,,,
Oyali?oma nyasigende wasira ?ombe,,,,,,,,,,,
"(ii)	""Ee ndelo pa Maseye misen kokwanyo kwoti kilwor nyawote, Akwanyo to? maliend baba akilwor nyawotan chie? chwo orom manago gero",,,,,,,,,,,
"(iii)	""Ee - wi ?ata onek orara oneko nyalwo?o giwode, ?ata onek'arara",,,,,,,,,,,
"""  (Chango arara oneko ja Loli milwo?o ni Nyalwo?o giwode yo Nyamalogo",,,,,,,,,,,
  Aka me awer muweri ilyende,,,,,,,,,,,
JaDwo?   nono Loli marapena chango oketh i oro 1937,,,,,,,,,,,
"  Tich machango jo asa ?eyirok iiye: lweny, kitana ji (Chango jomako mere gi Wasoga majo kelo rijo ji akajo tana yo Padhola), kod Chuech degi (me atich majo?iyo swa?  loyo kiko mere, chango jo?eyo tek tek amu?iyo ochwok ja Loli achie? ni Jamayuli rupir chango mayul amach?eyo gine onyoro makiko gine degi)",,,,,,,,,,,
"  KUNU pajo achie? nitye Korobudi itele milwo?o ni Oyali?oma aka mani nitye Mwenge, manago olwa aka oriwere kod telin",,,,,,,,,,,
SIRO 13,,,,,,,,,,,
NONO MORWA,,,,,,,,,,,
"Nono Morwa kada ti jo pokere kadiryo Guma kod Sule, baa jo chango achiel",,,,,,,,,,,
"  Gima okelo rijo pokirok, aa ya? ri?o, munyo jodit aka ri?o kirom jo, to jo chako akwed kajowacho ni jo pa Guma jo kinono kod jo pa Sule, ni rupir ni chango Guma osenga senga Sule",,,,,,,,,,,
  Aka Guma bende jo wacho ni Sule chango osenga senga jo!  Akwed makite me to kelo rijo pokirok swa?  gichako nywomirok,,,,,,,,,,,
  To kada ameno kula madit fuod riwojo,,,,,,,,,,,
"Nywolirok pajo obedo ama: Adhola onywolo jal milwo?o ni Nwa?o (nyinge man Morwa?  aka Nwa?o onywolo Napakere, aka jame amunywolo yach aryo Guma kod Sule munyo pama jonywolo nonin me aryo",,,,,,,,,,,
"(i)	Morwa Guma",,,,,,,,,,,
"Jo Morwa Guma chango jochako bedo iyadech ma Matindi, akuma jowok iye to jo wotho i Padhola pakarom",,,,,,,,,,,
"  Nyingi jo man jowacho ni ""Wa jo Morwa Guma wakongolo Thwol",,,,,,,,,,,
"""  Aka nyingi jo madongo mati jochako ame:",,,,,,,,,,,
"Osolo,	Mer,	Okidupa,	Odu?a,	Obuja,",,,,,,,,,,,
"Kwach,	A?or,	Achuna,	Pate,	Wadoyo,",,,,,,,,,,,
"Alemo,	Nyarusa,	Mwando,	Okimbala,	Ojupa,",,,,,,,,,,,
"Oluk,	Otaw,	Apuwa,	 Abweyere",,,,,,,,,,,
"(i)	Obolo, Koli kod kudho Alwi kited gine",,,,,,,,,,,
"(ii)	Minyur kod nyath jo nindo iboke pendi nyarwanda",,,,,,,,,,,
"(iii)	Nyath manyaka onywol kilwok kafuodi min kowok",,,,,,,,,,,
"(iv)	Minyur kicham chiemo mu podho piny kada pii kothon piny kidok madh, kendo kicham fufa ma kado, chamo ma pii kende",,,,,,,,,,,
"(v)	Pecho maminyur ni iye itedo i degi manyien kende kende, to minyur won kigey kosa yiko mach",,,,,,,,,,,
"(vi)	Ri?o kod Mwenge kidonji i oti minyur",,,,,,,,,,,
"(vii)	Kaminyur yawok i boro remo dhia? amilwo?o gine nyath, kareno oketh nyath no i dhioti",,,,,,,,,,,
"(viii)	Ki ya chwoko nyingi nyath iguro dak kiwacho ni ""Won oti ni nyingi nyath me ?a?"" Iwacho ameno kareno i thoko oti aka min nyath kod nyath won jonitye i oti",,,,,,,,,,,
"(ix)	Jo yikere wiyi jo ?iyo kuma wa?  chie? wok iye (east)",,,,,,,,,,,
"""E, e, Kongolo thwol kodonjo i bur kiluwi",,,,,,,,,,,
Wajo Morwa Guma,,,,,,,,,,,
I wer me Jomorwa jopako men kod gero pajo nike rom kod kongolo thwol ma kodonjo i bur kidok luw kada nende i?ati ger ned,,,,,,,,,,,
JaDwo?   nono me marapena chango odim i oro 1945,,,,,,,,,,,
"  Aka tich machango jo asa ?eyere iiye: lweny, dwar, chuech kod pach",,,,,,,,,,,
"  KUNU pajo nitye Maundo wi tele milwo?o ni ""Tawo Jwok",,,,,,,,,,,
(ii) Morwa Sule,,,,,,,,,,,
"Jo Morwa Sule nyingi jo man jowacho ni ""Wa Kongolo thwol wa jo pa Sule",,,,,,,,,,,
"""  Sule kod ji pere jochako bedo ikabedo milwo?o ni Mikoma Nagongera, kenyo amanitye kiri wugo machango jokunyo riwach lweny pa Sewe",,,,,,,,,,,
"Nyamwonda,	Pala,	Asoka,	Owaga,	Ochido,",,,,,,,,,,,
"Onwa?o,	Gwaragwara,	Okula?ole,	Ogwaro,	Wasenda,",,,,,,,,,,,
"Napakere,	Mweng,	Ojupa,	Dara,	Yoga,",,,,,,,,,,,
"Mongoriono,	Sule,	Rek,	Japala,	Ojony,",,,,,,,,,,,
"Nyanjew,	Oluka,	Atebo,	Ayila",,,,,,,,,,,
"(i)	Kudho Alwi kited gine",,,,,,,,,,,
"(ii)	Ri?o, Mwenge kosa beli mwenge kidonji gine i oti minyur kafuod kowok",,,,,,,,,,,
"(iii)	Nyath kafuod minyur kowok kilwok, kada pii kigey",,,,,,,,,,,
"(iv)	Minyur chiemo i tawo manyien kende kende, kada chiemo pere itedo ateda i degi manyien kende",,,,,,,,,,,
"(v)	Minyur kiyik mach",,,,,,,,,,,
"(vi)	Jo yikere wiyi jo ?iyo kuma wa?  chie? wok iye (east)",,,,,,,,,,,
Wer pajo majo wero :,,,,,,,,,,,
"""E, e, Morwa Sule kongolo thwol kodonjo i bur kiluw",,,,,,,,,,,
Wajo Morwa,,,,,,,,,,,
Wer me achie? kod ma jo pa Guma bende jo wero,,,,,,,,,,,
"  I wer me Jomorwa jo pako men kod gero pajo nike rom kod kongolo thwol ma kodonjo bur kidok luw, kada nende i?at ger ned",,,,,,,,,,,
JaDwo?   nono me marapena chango oketh i oro 1935,,,,,,,,,,,
"  Aka tich machango jo asa ?eyere iiye: lweny, pach bunde kod dwar",,,,,,,,,,,
"  KUNU pajo nitye yo Mikoma, kuma chango jo kunyo iye wugo",,,,,,,,,,,
SIRO 14,,,,,,,,,,,
NONO JO NAM,,,,,,,,,,,
Nono Nam nitye achie? kende ma kopokere,,,,,,,,,,,
"  Nyingi jo man jowacho ni ""Wa jo Nam wa jo pa Nyilando",,,,,,,,,,,
"""  Nywolirok pajo, Adhola amunywolo Nam, aka Nam onywolo yach a?wen: Othome, Orach, Migole kod Mugule akanyaka yach me jonywolo nono jo Nam gipi",,,,,,,,,,,
"  Ikabedo ma jochako bedo iye, ilwo?o ni Kisege yo Paya chiegin kew kod Bunyole",,,,,,,,,,,
  Jo wok Kisege akanyaka jowotho i Padhola iye gye,,,,,,,,,,,
"Aminda,	Otaba,	Gawa,	Gembi,	Oremo,",,,,,,,,,,,
"Othome,	Olo,	Awaka,	Chwa1a,	Odero,",,,,,,,,,,,
"Migola,	Osudo,	Orach,	Okola,	Ogwet,",,,,,,,,,,,
"Mugu1e,	Oligo,	Ongoye",,,,,,,,,,,
"(i)	Kweer maDwo?  , Nyilando, kigey kosa neko",,,,,,,,,,,
"(ii)	Obolo, Kudho Alwi, Kweer gwendi kod Awayo, yen a?wen me jo kited  gine",,,,,,,,,,,
"(iii)	Kasegere adita kosa adher, kirwa?  imach ni matedo",,,,,,,,,,,
"(iv)	Minyur kod nyath jonindo i boke pendi kego ka nyathi manyako, boke mbiye ka nyathi manyiyach",,,,,,,,,,,
"(v)	Jo yikere wiy jo ?iyo yo kuma wa?  chie? wok iye (east)",,,,,,,,,,,
"""Milandi kiwor wa?  Arungasa, Arungasa,",,,,,,,,,,,
"Milandi ?anda achie? Arungasa, Arungasa,",,,,,,,,,,,
"Oremo bino Arungasa, Arungasa,",,,,,,,,,,,
"Ogwet bino Arungasa, Arungasa,",,,,,,,,,,,
"Wanyithindho nyameji, Arungasa, Arungasa",,,,,,,,,,,
JaDwo?   nono me marapena oketh i oro 1947,,,,,,,,,,,
"  Aka tich machango jo asa ?eyirok iiye: lweny, chuech aditin, dere kod degi",,,,,,,,,,,
"  KUNU pajo nitye ikabedo milwo?o ni Kisenge yo Paya, manago tele milwo?o ni Nyakidugiya",,,,,,,,,,,
SIRO 15,,,,,,,,,,,
NONO JO NYAKENO,,,,,,,,,,,
Nono Nyakeno nitye achie? kende,,,,,,,,,,,
"  Nywoliroki pajo: Adhola onywolo wode milwo?o ni Simwenji, aka Simwenji chango Were o?iyogo akendo makeno mombo swa?  to timo kooy chak dhok pere machango go kwayo",,,,,,,,,,,
  Wok ndiri no to keno bedo ri Simwenji kweer maDwo?  ,,,,,,,,,,,
  Aka go won bende to wa?  chwoko rigo nyinge ni Nyakeno ni rupir omaro akendini kod kooy makeno,,,,,,,,,,,
"  Simwenji nyinge man munyo ilwo?o ""Nyakeno"" onywolo yach a?wen: Nyagwanja, Oli?a, Orono kod Moti",,,,,,,,,,,
  Aka yach me amajo nywolo Nono Nyakeno paka pama nitye,,,,,,,,,,,
  Chango jo chako bedo Katandi akanyaka jo wotho i Padhola gye,,,,,,,,,,,
"  Nyingijo man jo wacho ni ""Wa jo Simwenji wa jo pa Nyakeno wakilwor chwo kada oriwo",,,,,,,,,,,
"""  Aka nyingi jo mati jo chwoko ame:",,,,,,,,,,,
"Misinde,	Osia,	Oli?a,	Oyo,	Athondhe,",,,,,,,,,,,
"Simwenji,	Minyaw,	Nyagwanja,	Ojo?,	Moti,",,,,,,,,,,,
"Nyakeno,	Oligo,	Kifa,	Nyachodha,	Orono",,,,,,,,,,,
"(i)	Kweer maDwo?   Akendo keno, me ama kadhako onywol ifwono boke mere amipyelo iye nyath; kendo kadhako nitye kod iye kikal akendo kosa donjo kuma akendo otwi iye",,,,,,,,,,,
"(ii)	Milusa kod Akibuk kited gine",,,,,,,,,,,
"(iii)	Jo yikere wiy jo ?iyo kuma wa?  chie? wok iye (east)",,,,,,,,,,,
"(i)	""Akyam dhano wajo pa Nyakeno wajo cham ji",,,,,,,,,,,
"(ii)	""Omi?iyo, Simwenji, jo pa Nyakeno jo kilwor wad",,,,,,,,,,,
(Omi?iyo Dwo?   mere ni mini-win amina jo kwor no tek tek),,,,,,,,,,,
JaDwo?   nono me marapena oketh i oro 1953,,,,,,,,,,,
"  Aka tich machango jo asa ?eyere iiye: lweny, dwa?  kod kwath",,,,,,,,,,,
"  KUNU pajo nitye Katajula kod Lwala, manago Olwa majo lwo?o ni Simwenji",,,,,,,,,,,
SIRO 16,,,,,,,,,,,
NONO JO NYAPOLO,,,,,,,,,,,
"Nywolirok pa Nyapolo kod ra?o chango olwo? go ni Nyapolo nitye iy' Adech I, Siro 1",,,,,,,,,,,
  Onyo ka wayaneno paka Nyapolo Nono gipi nitye,,,,,,,,,,,
"  Nyapolo wod pa Adhola onywolo yach a?wen, nyathi makayo pere ochwoko go ni Ranga (Rwoth), nyath mararyo Ogule (chango o?iyogo migosi maDwo?   to chako noro kod gulirok gye to wa?  Chwoko ni Ogule), maradek Oligo, aka mara?wen Nyafuondo",,,,,,,,,,,
"  Yach me gye kutho marapeno jo bedo inono achie? Nyapolo, munyo jo kinywomere",,,,,,,,,,,
"  To munyo yach nyikwa?  Nyapolo jo more aka pok ri?o kirom jo to jochako akwed, to Ogule pokere to chako nono pere ni Nyapolo Ogule",,,,,,,,,,,
  Kada jo pokere jo konywomere ?iyo,,,,,,,,,,,
"  Nywomirok ochako i ndir ma Oloo Majanga dhumo (nen Adech I, Siro 5), tundo kiri pama",,,,,,,,,,,
"  Jo pa Ogule jo nywomo jo pa Ranga, Oligo kod Nyafuondo",,,,,,,,,,,
"  To ja dek me jo Ranga, Oligo, Nyafuondo jo kinywomere kendo jo nono achiel",,,,,,,,,,,
"Nyapolo gye chango jo chako bedo Katandi kuma chango onywol iye kwa?  jo, kod yo Senda",,,,,,,,,,,
"  To riwach dhaw dhaw amu?iyo jo chako tuk joman jo kun wiloka paka jomiwacho jo ni jo pa Masar, me kinono anona man manyikwa?  Adhola",,,,,,,,,,,
"  Jo pa Masar me jo nono Nyapolo Ogule aka baa jo machango ilwo?o ni Masar, olimo dhaw moro kod wutumin go jo pa Ogule",,,,,,,,,,,
"  To go pokere to kun, to kidho yo Nya?iyoga",,,,,,,,,,,
"  To wok indirino nyikwa?  jalo pama ilwo?o jo ni jo pa Masar, to kareno jo kinono man kendo fuod jo kolimo pokirok apoka swa malimo chako nono man ni wajo ""Nyapolo pa Masar",,,,,,,,,,,
"""  Aka jo Nyapolo madit man jo nitye yo Gombila ma Kwapa",,,,,,,,,,,
"(i) Nyapolo Orangi, Oligo kod Nyafuondo",,,,,,,,,,,
"Nono me nyingi jo man jo wacho ni ""Wa jo Nyapolo wa jo Luli tworo",,,,,,,,,,,
"""  Jo wacho ameno ka jopoyo gine Luli tworo machango diti yo Katandi machango onywolijo iiye",,,,,,,,,,,
  Aka nyingi jo mati jo chwoko ame:,,,,,,,,,,,
"Adhola,	Oligo,	Oywelowo,	Jewo,	Keta,",,,,,,,,,,,
"Ranga,	Nyafuondo,	Jabuka,	Aripa,	Nyakur",,,,,,,,,,,
Kweer pajo (nono Nyapolo jonok kod kweer):,,,,,,,,,,,
"(i)	?ata Bura omako kicham rombo i oti Nyapolo gye",,,,,,,,,,,
"(ii)	Minyur kiyik mach, kendo go kod nyath jonindo iboke pendi nyarwanda",,,,,,,,,,,
"(iii)	Jo yikere wiyi jo ?iyo kuma wa?  chie? podho iye (west)",,,,,,,,,,,
"(i)	""O?olan indelo Nyapolo",,,,,,,,,,,
O?olan ga dita kodhi,,,,,,,,,,,
Jalul Tworo ti koDwo?  ,,,,,,,,,,,
Nyapolo Dwo?   mogut,,,,,,,,,,,
Nyapolo Nyaka Dwo?  o,,,,,,,,,,,
chie? olyel ri Aremo ?iyo?eye,,,,,,,,,,,
halo magambala PUKU PUKU AREMO,,,,,,,,,,,
?iyo?eye halo magambala,,,,,,,,,,,
Wer me ochako ama: Chango munyo okidh lweny to jalimoro milwo?o ni Aremo olwo?o lweny to ringo Dwo?  o wacho rijo pecho ni o?eyo igoyo Nyapolo swa miti ti koDwo?  ,,,,,,,,,,,
"  To mon chako ywak, ni opoy Nyapolo won otundo, to Nyapolo gut swa riwach pa Aremo",,,,,,,,,,,
  Ti chako wer Aremo,,,,,,,,,,,
"(ii)	""Eee wajo Nyapolo wa?  ran",,,,,,,,,,,
Nyapolo kipenji ti nwa?o,,,,,,,,,,,
"E e e wali?ali?a ri banja, Nyapolo ni banja,",,,,,,,,,,,
"O o o mon nywolo jogero, mon nywolo jokisinye",,,,,,,,,,,
"(iii)	""E e e nyath achie? kidhano andha",,,,,,,,,,,
  Nyath achie? kidhano,,,,,,,,,,,
E e e Kabul oywa?  tinditindi,,,,,,,,,,,
Jo Nyapolo kabul oywa?  ?ata oyworin nyath achiel,,,,,,,,,,,
"(iv)	""Olinda ngwe e e e Lweny Kanyinga waneko waDwo?  o wajo Nyapolo wa?  poti wakilwor, wajo Nyapolo kichim wan, kichimijo",,,,,,,,,,,
JaDwo?   nono marapena chango oketh i oro 1945,,,,,,,,,,,
"  Tich machango jo asa ?eyere iiye: lweny, dwa?  kod goyo bunde",,,,,,,,,,,
"  KUNU pajo nitye yo Katandi milwo? ni ""ODI MIEL,"" manago lul kod telin",,,,,,,,,,,
(ii) Nyapolo Ogule,,,,,,,,,,,
"I nono Nyapolo, Ogule nitye kende, aka jo nywomere kod Nyapolo man",,,,,,,,,,,
"  Jo pakere ni ""Wa jo Nyapolo wa jo po Ogule",,,,,,,,,,,
"Kanyima,	Adada,	Okumi,	Ma?iyo,	Othoyo,",,,,,,,,,,,
"Majanga,	Ochiro,	Opela,	Kwon Kal,	Nyamwoda,",,,,,,,,,,,
"Kinara,	Alimi,	Alyewino,	Aripa,	Nyandere,",,,,,,,,,,,
"Kayinja,	Odoko,	Itu?a,	Keta,	Jakur,",,,,,,,,,,,
"Nyakur,	Nyakito,	Owala,	Kapurye,	Oleli,",,,,,,,,,,,
"Ogaka,	Akenya,	Okoya,	Ayese,	Masar,",,,,,,,,,,,
"Oku?i,	Yudu,	Masanja",,,,,,,,,,,
"(i)	?ata Bura omako kichami rombo, i oti Nyapolo gye",,,,,,,,,,,
"(ii)	Minyur kiyik mach, kendo go kod nyath jonindo i boke pendi nyarwanda",,,,,,,,,,,
"(iii)	Jo yikere wiy jo ?iyo kuma wa?  chie? podho iye (west)",,,,,,,,,,,
"""E e e Wajo Nyapolo wakiran",,,,,,,,,,,
Banja mawa?  no Koran,,,,,,,,,,,
Alinda ngwe kachi?a,,,,,,,,,,,
JaDwo?   nono marapena chango oketh i oro 1941,,,,,,,,,,,
"  Aka tich machango jo asa ?eyirok iiye: lweny, dwar, chowo Bura kod migimba koth",,,,,,,,,,,
"  KUNU pajo achie? kod ma pa jo Nyapolo man, nitye yo Katandi ilwo?o ni ""ODI MIEL"" manago lul kod telin",,,,,,,,,,,
SIRO 17,,,,,,,,,,,
NONO NYIRENJA,,,,,,,,,,,
"Jo pa Nyirenja nyingi jo man jowacho ni ""Wa jo Paliwa Chak Chiewo",,,,,,,,,,,
"""  Jo nitye nono achie? kende ma kopokere diere",,,,,,,,,,,
"  Nywolirok pajo achako kwo? Adhola, munywolo nyath pere milwo?o ni Nyirenja",,,,,,,,,,,
"  Aka Nyirenja onywolo wode milwo?o ni Kasewe, to Kasewe kod dhako pere milwo?o ni Nyamichala to jo nywolo yach abi?iyo me: Waseni, Arucha, Adipa, Omuya, Orupe, Onyay kod Ono?or",,,,,,,,,,,
  Aka yach me amunywolo nono Nyirenja ma pama nitye,,,,,,,,,,,
  Kabedo pajo marapena obedo Maundo kod Nyamalogo,,,,,,,,,,,
  To pama jonwa?ere ikis adech ma Padhola,,,,,,,,,,,
"Arucha,	Laro,	Otiti,	Osyaga,	Ondowa,",,,,,,,,,,,
"Adipa,	Kaburu,	Kalengere,	Ono,	Wagondi,",,,,,,,,,,,
"Omuya,	Alecho,	(Olengo),	Olenge,	DiDwo?  o,",,,,,,,,,,,
"Orupe,	Kedi,	Onwa?o,	O?eyo,	Ogu?,",,,,,,,,,,,
"Onyay,	Odugo,	Otwey,	Adito,	Siya,",,,,,,,,,,,
"Wesen,	Obedo,	Jachieni,	Malala,	Okwer,",,,,,,,,,,,
"Malilo,	Omubala,	Ogen,	Machar,	Okimen,",,,,,,,,,,,
"Jadyewa,	Manyinge,	A?opa,	Ote,	Ofumbi,",,,,,,,,,,,
"Olero,	Idoli,	Asii,	Obu?a,	Ngira,",,,,,,,,,,,
"Kole,	Oda,	Olando,	Opiti,	Ombigo,",,,,,,,,,,,
"Alyew,	Oguwa,	Nyonyi,	Jambaka,	Og?eyo,",,,,,,,,,,,
"Sikola,	Omwona,	Omana,	Sele,	Aluka,",,,,,,,,,,,
"Ono?or,	Ojaga",,,,,,,,,,,
"(i)	Jopaliwa jongoye gi kweer man gye kwanyowoko ""chak ma chiewo",,,,,,,,,,,
"""  Gime obino ama, Nyirenja kod dhako pere gye jotho jo?eyo Kasewe ikich maDwo?  ",,,,,,,,,,,
"  To dhia? pa baa mere milwo?o ni ""Oliwa?  amopidho go gichak ma chiewo tundo kuma Kasewe opo? to bende nywomo",,,,,,,,,,,
  To pama chak ma chiewo bedo kweer maDwo?   swa ri jo Paliwa,,,,,,,,,,,
  Ka dhako onywol ikuth ikiro chak ma chiewo i kanindo kod bothi minyur ginyathi akanyaka jo nindo i ka nindo no kosa nyathi no dhoth,,,,,,,,,,,
  Kendo ka ja Paliwa otho kinyiedh dhok mapecho no kafuod koyik ?ato i?eyo dhok dhothadhotha,,,,,,,,,,,
"(ii)	Jo yikere wiy jo ?iyo kuma wa?  chie? podho iiye (west)",,,,,,,,,,,
"""E e e chak chiewo, wajo Maundo mu?eyo",,,,,,,,,,,
"dhia? osira malo pa chwo ongoye!""",,,,,,,,,,,
"Wer me obedo 'abwon'; obedo ndir achie? jo Sewe jobino to jo yaka dhia? pa japa Nyirenja yo Maundo to romachie? to dhako mawon pecho no Dwo?  o to uro ni ""I i i, a a a! anen! anen win jo Paliwa?  jo Maundo me paka jo ?eyo dhia? osira malo okadho gi chak makonyiedh kada anyiedha, pa chwo ongoye pecho me manende jo ki lweny ye kada a?wenya!""  Wok ndirino to gime lokere wer nono",,,,,,,,,,,
"JaDwo?   nono marapena odimi i oro Novemba 26, 1933",,,,,,,,,,,
"  Tich machango jo asa ?eyere iiye: lweny, goyo tongol gi fumbo kod ndijo ma theth atego kod tonge!  KUNU pajo, man nitye Maundo, aka man nitye Nyamalogo witele milwo?o ni Wiyadundo",,,,,,,,,,,
SIRO 18,,,,,,,,,,,
NONO J'ODE,,,,,,,,,,,
J'Ode jonitye nono achie? kende jo kopokere,,,,,,,,,,,
  Olwo? jo ni J'Ode rukwom baa jo manywolo jo chango ilwo?o ni Ode,,,,,,,,,,,
"  Ode chango wod p'Adhola, aka go onywolo yach a?wen: Luge, Wangolo, Owora kod Warya; aka yach me ama jonywolo nono Ode ma pama nitye",,,,,,,,,,,
"  Nyingi jo man jowacho ni ""Wa j'Ode wa jo Mbuluku",,,,,,,,,,,
"J'Ode j'ochako bedo yo Nagongera bothi Adhola to munyo joneno ni joromo aka onyo dudi nok ma fur to jo tuk yo Mwelo, i tyend tele ma Mwelo",,,,,,,,,,,
"  Ka akuma jo nwa?o iiye nyathi lyech to jo lwo?o ni nyathi dhia?, to jo mako jo pidho",,,,,,,,,,,
"  Munyo lyech opo? to lokere mager ka mito ni onek jo, kendo won bin chodo uno to kidho chiemo kende",,,,,,,,,,,
  Amu?iyo ndir achie? to jo chokere ni jo onek thwon ma nono,,,,,,,,,,,
  Ape! kere jo kwinyo kuma pino ogeto iye: to lyech ere gi jo to neko jo pa nyithindi gwendi,,,,,,,,,,,
  Wok ndirino to lyech koch kichutho,,,,,,,,,,,
  To jo modo? to jo loko lyech kweer pa jo; kajo wacho ni kere lyeech bende chuka chiene ji aka lwo?o tich amu?iyo jo lokere lyeech,,,,,,,,,,,
  Kareno jo?eyo ni ji kende ama jonyalo bedo mager; nikere manago nende omini jo amonwa?o joyaneko ni lee,,,,,,,,,,,
"Luge,	Kaunye,	Anieye,	Akanyi,	Obanja,",,,,,,,,,,,
"Omwolo,	Oyo,	Sekiro,	Anial,	Omaro,",,,,,,,,,,,
"Maala,	Odor,	Mbedi,	Om?eyo,	Opilo,",,,,,,,,,,,
"Ogol,	Ndira,	Warya,	Ogola,	Kayala,",,,,,,,,,,,
"Ogwa?,	Owora,	Omonya,	Kamura,	Obedo,",,,,,,,,,,,
"Wangolo,	Onyoko,	Ori?o,	Oluki",,,,,,,,,,,
"(i)	Kweer pa jo maDwo?  , Mbuluku kod lyech, ka j'Ade twoo kosa otho Mbuluku bina bina pecho no to bende chako ywak",,,,,,,,,,,
"(ii)	Jo kited kod Akibuk, kigo dhok, asati mar'adita kosa asati mar'odher kosa kasegere dero",,,,,,,,,,,
"(iii)	Minyur kicham kwon kal muchiel, tundo kuma wok iiye",,,,,,,,,,,
"(iv)	Minyur chiemo ikor pendi kendo kwon kosa nyuka iguro gi yath makudho Alwi",,,,,,,,,,,
"(v)	Minyur kod nyathi jonindo i boke pendi nyarwanda",,,,,,,,,,,
"(vi)	Jo yikere wiyi jo ?iyo kuma wa?  chie? podho iye (west)",,,,,,,,,,,
Wer pa jo majo wero:,,,,,,,,,,,
"(i)	""Mbuluku, Mbuluku Omwa Mwelo",,,,,,,,,,,
Mbuluku Omwa Mwelo,,,,,,,,,,,
"Bedo i piny Padhola tek wanodok Ode wan,",,,,,,,,,,,
"(ii)	""Chuka chiene waji, Chuka chiene waji",,,,,,,,,,,
Chuka chiene waji walwo?o tich walokere lyeech,,,,,,,,,,,
Wer me gye jo chwoko munyo lyech otyeko neko jo,,,,,,,,,,,
"  Jo wacho ni bedo i piny Padhola tek, nen paka lyech onekojo, ni jo ripo dok Ode pajo",,,,,,,,,,,
  Dwo?   mere ni jo ripo tho rigin jo eye i piny me,,,,,,,,,,,
JaDwo?   nono marapena chango odini ioro 1953,,,,,,,,,,,
"  Tich machango jo asa ?eyere iiye: lweny, kwath, miel kod dwar",,,,,,,,,,,
  KUNU pajo nitye wi tele ma Mwelo,,,,,,,,,,,
SIRO 19,,,,,,,,,,,
NONO OJILAI,,,,,,,,,,,
Nono Ojilai opokere kad ryo: Ojilai Dibworo p'Arak kod Ojilai Dibworo pa Kwom,,,,,,,,,,,
  To kada ameno kula pajo kod wer gye achiel,,,,,,,,,,,
"  Inywolirok pajo jobedo wutimere, to riwach ma pok ma ri?o kod ma chulirok kwor, amu?iyo oti pa Arak kod oti pa Kwom jo pokere, to jo chako nywomirok",,,,,,,,,,,
"  Nywolirok pa nono me obedo, ama, Adhola onywolo jali milwo?o ni Ojilai to Ojilai me chango nyinge man i lwo?o ni Dibworo rupir chango onywol go rut kod Simbwor",,,,,,,,,,,
"  Dibworo (Ojilai) me amonywolo yach aryo, Arak kod Akwom, aka yach me amunyo nywolo nono Ojilai aryo me",,,,,,,,,,,
 Nono me chango jo chako bedo yo Nyamalogo to pama jo lak i p'Adhola gipi paka rom,,,,,,,,,,,
(i) Ojilai Dibworo p'Arak,,,,,,,,,,,
"Ojilai me nyingi jo man jo wacho ni ""Wa jo pa cham dhano wa jo p'Arak pa Dibworo",,,,,,,,,,,
"Arak,	Awira,	Nyayole,	Adita,	Adara,",,,,,,,,,,,
"Maruk,	Mwera,	Akenya,	Kasimo,	I?ula,",,,,,,,,,,,
"Olum,	Yunju",,,,,,,,,,,
"(i)	Kweer maDwo?   Simbwor (Dibworo)",,,,,,,,,,,
"(ii)	Ogel kod Akibuk jo kited gine",,,,,,,,,,,
"(iii)	Minyur chiemo i kor pendi, kendo go kiyik mach",,,,,,,,,,,
"(iv)	Jo yikere wiyi jo ?iyo kuma wa?  chie? wok iye (east)",,,,,,,,,,,
"(i)	""Dibworo wanamyero",,,,,,,,,,,
Dibworo wanamyero,,,,,,,,,,,
Wanonen chwo ago e e e,,,,,,,,,,,
Wanonen chwo ago,,,,,,,,,,,
Dibworo Dwo?  o e e Dibworo bino e e e,,,,,,,,,,,
"Wer me a wer ma Kirembe maDwo?   swa i p'Adhola; amu?iyo kis nono wero ka jowok lweny, kosa",,,,,,,,,,,
dwa?  kosa timo gimoro gye ma nyutho misen,,,,,,,,,,,
"(ii)	""Cham dhano wajo pa Dibworo wachamo moro,",,,,,,,,,,,
Jo cham ji bino wajo p'Ocham dhano,,,,,,,,,,,
Wajo p'Arak wajo cham ji nyaka waDwo?  o,,,,,,,,,,,
JaDwo?   nono marapena chango oketh i oro 1933,,,,,,,,,,,
"  KUNU pajo, maDwo?   mere nitye Nyamalogo wi tele milwo?o ni Mawele, aka mathi mere nitye Migana, manago obedo lul",,,,,,,,,,,
(ii) Ojilai Dibworo pa Kwom,,,,,,,,,,,
"Ojilai me nyingi jo man jo wacho ni ""Wa jo cham dhano wa jo pa Kwom pa Dibworo",,,,,,,,,,,
"Mirima,	Orere,	Madile,	Odero,	Owona,",,,,,,,,,,,
"Obungila,	Odumu,	Omuge,	Japyan,	Mageli,",,,,,,,,,,,
Kiryama,,,,,,,,,,,
"(ii)	Minyur chiemo i kor pendi kendo go kiyik mach",,,,,,,,,,,
"(iii)	Ogel kod Akibuk jo kited gine",,,,,,,,,,,
"(iv)	Jo yikere wiyi jo ?iyo kum wa?  chie? wok iye (east)",,,,,,,,,,,
"(ii)	""Cham dhano wajo pa Dibworo wachamo moro",,,,,,,,,,,
Ja cham ji bino to Dibworo ki?iy malo,,,,,,,,,,,
"Dibworo to ?iyo a?o?""",,,,,,,,,,,
  KUNU pajo nitye Nyamalogo wi tele milwo?o ni Mawele,,,,,,,,,,,
SIRO 20,,,,,,,,,,,
NONO OLOMOLE,,,,,,,,,,,
"Nono Olomole nitye achiel, to kende jonok, rupir ni yado kajoyanja joromoye nyakamath to jo ere to jo tho pajo rumo, kiri i wer pajo jo wacho ni ""Watho warumo wajo Olomole",,,,,,,,,,,
"Nyingi jo man jo wacho ni ""Wa j'Olomole waji ma jwom",,,,,,,,,,,
"""  Nywolirok pajo obedo ama, Adhola onywolo jali milwo?o ni Odudi nyinge man ni Olomole, aka Olomole me onywolo yach awichiel: Mijo?o, ?iyo, Wandera, Orach, Omo?o kod O?iyo, aka yach me amunyo nywolo nono Olomole",,,,,,,,,,,
"Chakirok bedo pajo jo chako Matindi, to jo kidho Soni i jwom milwo?o ni Pore, me pama KUNU pajo, to joluwo Nyamalogo tojo kadha kadha joluwo Chawolo tundo i jwom milwo?o ni Nyandeta",,,,,,,,,,,
  To Nyandeta neko jopakidho tyeko woko jo,,,,,,,,,,,
"  Munyo jowotho no, onwa?o wa?  jo ?iyo yo por loka Wisoga to kuma jo tyeko tho meg i Nyandeta to jo modo? jowire jo wotho Dwo?  o yochie? de tundo yo Pubwok Pasindi, akuma fuod jo nitye iiye madit",,,,,,,,,,,
"Odudi,	Olweny,	O?iyo,	Orach,	Wandera,",,,,,,,,,,,
"Mijo?,	Omo?o,	?iyo",,,,,,,,,,,
"(i)	Jo kicham Nyiger, kendo jokited kod yath milwo?o ni Akibuk",,,,,,,,,,,
"(ii)	Jo yikere wiyijo ?iyo kuma wa?  chie? wok iiye (east)",,,,,,,,,,,
"""Ee wa j'Olomole watiend toko manyandeta,",,,,,,,,,,,
"Watho warumo wa j'Olomole manyandeta,",,,,,,,,,,,
Waki po? ryete wa j'Olomole manyandeta,,,,,,,,,,,
"  Tich pajo machango jo ?eyere iiye: lweny, kod chiko",,,,,,,,,,,
  KUNU pajo nitye Soni manago wa?  pii milwo?o ni Pore,,,,,,,,,,,
SIRO 21,,,,,,,,,,,
NONO ORUWA,,,,,,,,,,,
Wod pa Adhola machango ilwo?o ni Oruwa amunywolo nono Oruwa gye paka nitye pama,,,,,,,,,,,
"  Jali me chango ochamo nyinge rundiri ni Oruwa?  rupir nyithindho pere kod nyikwaye, jo bedo kod ruwirok madit; jo chako nywomirok, jonekere, jochulere kwor, to nono bedo abeda mu ruwere swa kichutho kichutho won, paka nyingi jalicha",,,,,,,,,,,
  Pama dhano nyalo paro ni ruwirok marumachie? me amu?iyo ochwok jo ni Oruwa to kere be,,,,,,,,,,,
"JaDwo?   Oruwa chango onywolo yach a?wen: Lapa, Demba, Lusi kod Menya",,,,,,,,,,,
  Aka nyithindh yach me ama jokelo ruwirok to jo pokere nono ka di?wen; to jo chako nywomirok Oruwa gye a?wen,,,,,,,,,,,
"  To chiegin oro 1918 to jo udi adek, Lapa, Lusi kod Menya to jo riwere to jo?eyo nywomirok",,,,,,,,,,,
  Oti pa Demba to do? kende,,,,,,,,,,,
"  Riwirok ma udi adek me joridho aridha swa i oro 1942, ama jo dimo iye JaDwo?   achie? ni ama obedi ?ata achie? mariwo jo gye",,,,,,,,,,,
  Gima Dwo?   kwom Oruwa gye a Kweer,,,,,,,,,,,
"  Oruwa ni gi Kweer mager swa?  ma kituki gine, makir okewo pa jo gye kweer no megi tundo kwom jo",,,,,,,,,,,
(i) Oruwa Demba,,,,,,,,,,,
"Oruwa me nyingi jo man jo wacho ni ""wa?  wa jo wa?  chie? wa jo cham malo, wa goyo aryo",,,,,,,,,,,
"""  Wagoyo aryo, Dwo?   mere ni jo nywolo rut",,,,,,,,,,,
  Kabedo majo chako bedo iye a Nyamalogo to pama jonwa?ere i kis adech ma Padhola,,,,,,,,,,,
"Owanda,	Osama,	Ojaga,	Aroba,	Olude",,,,,,,,,,,
Chiko,,,,,,,,,,,
"(i)	Kweer maDwo?   dhia?; ni rupir chango ka jotho iyiko jo i chie? dhok",,,,,,,,,,,
"  To jochamo rigin ri?o dhok, kwanyo woko yen ma chie? dhok jo kited gine",,,,,,,,,,,
"(ii)	Obolo kod kasegere moro gye kited gine",,,,,,,,,,,
"(iii)	Minyur chiemo i kor pendi aka chiemo no bende i?iyo amiya i dhoke, ka chiemo opodho kosa pii othon piny, ndirino kodok'ochie? kosa madho pii tundo yawere mere",,,,,,,,,,,
"(iv)	Dhako k'onywol i ketho chooko i fufa (ma pii makiwene ma kado) magochamo tundo wok",,,,,,,,,,,
  Kendo kicham ri?o tundo kuma jo thugin jo kel rigo ri?o,,,,,,,,,,,
"(v)	Keno lyech adek kosa a?wen i omo isa am'itheno gine chiemo pa minyur tundo kum'owok iye",,,,,,,,,,,
"(vi)	Minyur kod nyathi jo nindo i boke pendi nyarwanda",,,,,,,,,,,
"(vii)	Ka minyur yawok i chwado tiende kod powo wok i dhioti pere tundo iya p'Adhamere kareno iwacho ni wakidho i Dwo?   dhok, i timo ameno didek kosa di?wen",,,,,,,,,,,
"(viii)	Jo yikere wiyi jo ?iyo kuma wa?  chie? wok iye (east)",,,,,,,,,,,
"""Jo pa dibworo wajo cham malo wagoyo aryo",,,,,,,,,,,
Jo pa dibworo wajo cham malo wagoyo aryo,,,,,,,,,,,
Achamo Dhano nyaka wa Dwo?  o,,,,,,,,,,,
JaDwo?   nono marapena oketh i oro 1932,,,,,,,,,,,
"  Tich machango jo asa ?eyirok iiye: lweny, kwath kod dwar",,,,,,,,,,,
  KUNU pajo nitye Nyamalogo aka man nitye yo Kiyeyi,,,,,,,,,,,
"(ii) Oruwa Lapa, Lusi kod Menya",,,,,,,,,,,
"Oruwa adek me Lapa, Lusi kod Menya, joriwere pama; jo lwo?ere ni ""Wa jo pa Dibworo wa jo cham malo",,,,,,,,,,,
"""  (Dibworo, ka nyutho gero pajo",,,,,,,,,,,
"  Jo both jochale kod Ojilai, nen Siro 19",,,,,,,,,,,
)  Nyingi jo madongo mati jo chwoko ame:,,,,,,,,,,,
"Lapa,	Obiro,	Akwa?,	Odel,	Opusa,",,,,,,,,,,,
"Lusi,	Anyamo,	Ochier,	Onyo,	Angel,",,,,,,,,,,,
"Menya,	Majiji",,,,,,,,,,,
"(i)	Kweer maDwo?   dhia?, ni rupir chango kajo tho iyiko jo i chie? dhok",,,,,,,,,,,
  To jo chamo rigin ri?o dhok kwanyo woko yen ma chie? dhok jo kited gine,,,,,,,,,,,
"  Kendo wok kwom minyur tundo kwom dhako manitye kod nyathi ma fuod kiwothi, jo ki gey woyo dhia?",,,,,,,,,,,
"(ii)	Akibuk kod Matakela, kited gine",,,,,,,,,,,
"(iii)	Minyur kiyik mach ka go fuod k'owok",,,,,,,,,,,
"(iv)	Minyur chiemo i kor pendi, aka chiemo no bende i?iyo amiya i dhoke; ka chiemo opodho kosa pii othon piny, ndirino kodok'ochie? kosa madho pii tundo yawere mere",,,,,,,,,,,
"(v)	Minyur kicham ri?o tundo kuma jo thugin jo kelo ri?o",,,,,,,,,,,
  Ka ri?o ongoye angoya swa woki yo thugin chooko am'itedo a?iyoko go gine,,,,,,,,,,,
"(vi)	Dhako manitye kod nyathi kigey boke akendo ma keno, kada dhako manitye kod iye bende kigey; kendo ka minyur yawok indirino i fuono boke akendo ma keno amigoyo gine tiende kareno i lamo go ni wakidho i Dwo?   dhok, i timo ameno didek kosa di?wen, paka kweer nyath nitye",,,,,,,,,,,
"(vii)	Minyur kod nyath jo nindo i boke pendi kego nyarwanda",,,,,,,,,,,
"(viii)	Jo yikere wiyi jo ?iyo kuma wa?  chie? podho iye (west)",,,,,,,,,,,
"(i)	""Wa jopa Dibworo wajo cham malo,",,,,,,,,,,,
Wanwa?o dhano moro waloko go Oruwa mawan,,,,,,,,,,,
Jopa Dibworo nyaka wabino,,,,,,,,,,,
I wer me jowero kajo pakere ni jo chingi jo lach chango jo mako ji ma nono man jorwako i nono pajo,,,,,,,,,,,
"(ii)	""E, e, e Omwa walangel olwo?o wa?  ni 'Wadama'",,,,,,,,,,,
 Omwa otieko jo Kiyeyi,,,,,,,,,,,
Wajo Ruwa omwa olwo?o ni wanok kere nyaka watundo,,,,,,,,,,,
Munyo jo tieko jo Kiyeyi aka waryemo jo,,,,,,,,,,,
JaDwo?   nono marapena chango oketh i oro 1942,,,,,,,,,,,
  KUNU pajo man nitye Nyamalogo witele milwo?o ni Nyamanda aka man nitye Kiyeyi,,,,,,,,,,,
SIRO 22,,,,,,,,,,,
NONO RAMOGI,,,,,,,,,,,
Nono me kada jo weg meg kod joman gye jowacho ni chango jowok yo Busoga i piny milwo?o ni Bulamogi ni rupir Bulamogi chale kod Ramogi; meno ka paka nitye,,,,,,,,,,,
"  Ramogi obedo nyithindho Adhola won aka jo kowok Busoga kada di chiel, rupir nen, Ramogi nyingi mo?eyere tek tek swa i nonini ma Lwo gipi; giranena Ramogi nitye p' Owiny (Kenya), Acoli kod La?o",,,,,,,,,,,
"  Wod p'Adhola milwo?o ni Wangolo amunywolo wode bende to chwoko ni Ramogi, ri nyingi kwarijo kosa wutumin Adhola gin machango jo ?eyo jo chie? kuma jowoki iye",,,,,,,,,,,
  Nyathi Ramogi me amunyo nywolo nono Ramogi gye manitye Padhola ka,,,,,,,,,,,
"  Bedo pa nono me, jo pen bedo iyadech ma Matindi, kenyo ama lweny pa Sewe amu?iyo jo pokere to jo laki i Padhola gipi loyo madit jo nwa?ere yo Gombila Molo, Tororo, Kisoko kod Nagongera",,,,,,,,,,,
"Nyingi jo man, jo wacho ni ""Wa jo Ramogi ma Matindi"" Dwo?   mere ni me Jo Ramogi ma Padhola monywolijo Matindi, makiwene jo Ramogi ma Nyanza kosa ma Kitgum",,,,,,,,,,,
"Wangolo,	Opany,	Kasa?,	Opata,	Saja,",,,,,,,,,,,
"Japath,	Ryama,	Lando,	O?a?o,	Obuya,",,,,,,,,,,,
"Aliwa,	A?ura,	Palinya?a,	Lach,	Opali,",,,,,,,,,,,
"Nyado?a,	Maseye,	Oli?o,	Kadondoli,	Ikuya,",,,,,,,,,,,
"Osilo,	Dewo,	Owolo,	Odero,	Okolo,",,,,,,,,,,,
"Aroda,	Kitewe,	Owondo,	Agumbi,	Okode,",,,,,,,,,,,
"Laro,	Go?o,	Ndiwo,	Magara",,,,,,,,,,,
"(i)	Jo kited kod yath ogeli",,,,,,,,,,,
"(ii)	Minyur kodi nyathi jo nindo i boke pendi nyarwanda, kendo minyur kitedi kosa ?eyo mach ka fuod kowok",,,,,,,,,,,
"(iii)	Indir mar'Apipili iriwo dukino Athu idhioti aka itimo (nen Adech III, Siro 4)",,,,,,,,,,,
"(iv)	Joyikere wiyijo ?iyo yo kuma wa?  chieng podho iye (west)",,,,,,,,,,,
"(i)	""Pawangolo Matindi kipoti/kiran e, e, e, Matindi, Sewe otyeko yach ma Matindi kada go perenje",,,,,,,,,,,
"(ii)	Lando pa Kasa? mada omiyi jogero jo chamo e, e, Lando",,,,,,,,,,,
"(iii)	""Jo Ramogi modakana omwa ma kombe jo lwo?o nyir ni Katala?!""",,,,,,,,,,,
JaDwo?   nono marapena oketh i oro 1940,,,,,,,,,,,
"  Aka tich machango jo asa ?eyirok iiye: lweny, dwar, miel kod goyo bunde",,,,,,,,,,,
  KUNU pajo nitye Matindi ilul machiegin gi wugo pajo,,,,,,,,,,,
SIRO 23,,,,,,,,,,,
NONO JO PA GEMBE,,,,,,,,,,,
"Nono jo Pagembe nitye achie? kende ma kopokere aka madit mere jo nitye yo loka pa Gembe, i Gombila ma Paya",,,,,,,,,,,
"  Baa nono me nyinge chango ilwo?o ni Ogembe, Ogembe me bedo Nyakwa?  Adhola, to baa mere won nyinge ko?eyere maber",,,,,,,,,,,
"  Ogembe kod wote awichiel, Kungu, Nyamisio, Dumbarya, Kiwene, Opio kod Misana, jochako bedo Maundo; aka jo kowere Katajula yo bothi jo Amor Kagulu Adundo, aka nyaka jowok kenyo to jo man jo oole yo loka Pagembe, aka jo man jo kidho iyadech ma Padhola mopokere opokere",,,,,,,,,,,
"(i)	Kweer maDwo?   bel winyo, jo kigey kada ageya",,,,,,,,,,,
"(ii)	Kadhako pa Jopagembe ochielo kal aka kal no nindi makoregi, kal no kidok cham kada dichiel, ikonja konja woko",,,,,,,,,,,
"(iii)	Minyur kod nyathi jo nindo i bokependi nyarwanda",,,,,,,,,,,
"(iv)	Minyur kiyik mach kendo chiemo pere itedo i degi manyien, kod achiero machiemo iye bedo manyien kende kende",,,,,,,,,,,
"(v)	Jo yikere wiyijo ?iyo kuma wa?  chieng podho iye (west)",,,,,,,,,,,
"""Nyamondo yiwi kwach, kigey, owire rin inonen",,,,,,,,,,,
Dwo?   mere ni jo pako gero pajo marom kod gero pa kwach,,,,,,,,,,,
JaDwo?   nono marapena oketh i oro 1945,,,,,,,,,,,
"  Tich machango jo asa ?eyere iiye: lweny, dwa?  kod chuech bwo",,,,,,,,,,,
"  KUNU pajo ilwo?o ni Nyasirenge, nitye witele milwo?o bende ni Nyasirenge",,,,,,,,,,,
ADECH III,,,,,,,,,,,
WACH MA TITO ADECH MARADEK,,,,,,,,,,,
Iyadech me atito kula megi ma dongo ma jo Padhola jotimo,,,,,,,,,,,
"  Kula me megi machon swa munyo pama owey kir timo, paka ma lweny, akisili kod ma nywomirok; aka megi paka ma chowo, ji manok swa mafuodi jo timo rupir ji madit ti jo fuonjere dini ma nyien mupokere opokere to jo ?eyo kula ma chon",,,,,,,,,,,
"  To kada ameno iyadech me akikidho riwacho ri ji ni jowey kula manyien jodoki imachon; kosa wiro chuny jo ni kere dini kosa kula mati me rach, mawa?  machon amachango ber amachango ?iyo wa?  siem madit",,,,,,,,,,,
  Meno ka paka nitye,,,,,,,,,,,
"  Andiko adech me g'ato?a ni kis dhano ma ja Padhola kada onyo nitye kod kula man mago luwo, o?ey kula ma kwa?  wa?  chango jo timo",,,,,,,,,,,
"  Kendo nyithindho mayowa?e bende jo o?ey kula ma tiend nono pajo, paka chango nitye chon mafuod wasungu jo kobino i piny me",,,,,,,,,,,
  Odoko jo wiloka bende jo o?ey ni jo Padhola bende chango ji ma jo tiekere i kula makite gye,,,,,,,,,,,
"  Makiwene jo wacho ni ""Alacha gin me chango jo ?eyo a?o? Kole kula majo timo gye jo limo bothi jo wiloka ayino",,,,,,,,,,,
Ra ameno akwayo jo dongo ma dini gye kod jo dongo fuonjiroki gye jo okir jo ter ni adech me kidho ri nywowo tich pajo,,,,,,,,,,,
"  Kwanyo woko adech me kidho rinyutho adier machon, aka nyaka ji jo?ey maber adier manyien, ma pama",,,,,,,,,,,
  Kendo piny kadongo dongo riwegi piny; ikula pajo machon kod i kite majo tero iye kula manyien ma jo limo bothi jo man,,,,,,,,,,,
KULA MA CHOWO,,,,,,,,,,,
Jo Padhola chango jo nitye gi kula ma chowo i kite mupokere opokere,,,,,,,,,,,
"  Aka gigipiny ma jo chowo bende yado opokere ama: (i) chowo Were Madiodipo kod Were Othim, (ii) chowo Jwogi, (iii) chowo Kunu, kod (iv) chowo Jwok Bura yo Nyakiriga",,,,,,,,,,,
"(i) Chowo were ma diodipo kod were othim, me a Were madongo i kis pecho",,,,,,,,,,,
"  Were ma diodipo meno makuro pecho, ji ma iye kod lim gye ma pecho no",,,,,,,,,,,
"  Aka Were Othim kod dhako pere milwo?o ni Nyalike, ama jo kuro gigipiny mawok pecho no gye, paka dhano ma pecho no kakidho lweny, fur, kulo dwa?  kosa woth moro gye; kod dhok, diegi, roombo, ma pecho no ka jo kidho isa chiemo",,,,,,,,,,,
"  Were Othim nitye kodi jago pere milwo?o ni Mikowe, amamenyo rigo royo ka wotho",,,,,,,,,,,
"Were aryo me jo rom iDwo?  , aka bende i chowo jo kiromo, i ndir ma ka chiemo mandelo ochie? i kecho",,,,,,,,,,,
  Dwo?   mere ni i hongo no amiketho Were walwa gi ?iyo jo chiemo manyien,,,,,,,,,,,
"  I ndelo no i neko wot gwendi i diodipo ti tedo kod kwon, meno apa Were ma Diodipo",,,,,,,,,,,
"  Aka wot gwendi man i neko dho wa?  kach kod kwon mere bende i ketho kenyo ri Were Othim, ni ka obino ocham apere gi dho wa?  kach kun okir odonji olar kod Were ma Diodipo",,,,,,,,,,,
  Nyutho ni wa?  kach a kew pa Were ma Diodipo kod Were Othim,,,,,,,,,,,
"  Gwendi mineko gye bedo ma wote kende kende, aka kineko kithum athuma ?ute, i goya goya wich mere piny kareno i luwere i lamo, chuka tho",,,,,,,,,,,
Ka chiemo ochie? i kutho i lamo aki chako chiemo,,,,,,,,,,,
"  Apa Were ma Diodipo amipen lamo, aka kowey nyithindho chamo aka i kidho i lamo ri Were Othim bende apere dho wa?  kach aka kenyo bende amichamo iye",,,,,,,,,,,
"  Nyalike, chipa Were Othim bende i tedo rigo kwon nyaka math, bende nyakare kod nyim",,,,,,,,,,,
  Aka kiwodho kwon no i oti kuma oted iye i wotha wotha agumba tundo kuma oketh iye yo ?ey wa?  kach chiegin kod apa chwore,,,,,,,,,,,
  I ndir ma lamo me mon jo chiemo gi ri?o gi nyim,,,,,,,,,,,
Chowo pa Were Othim ma Dwo?   mere i chowo go isa yo thim wiryete,,,,,,,,,,,
  Aka wiryete no bende amigeto iye oti ri Mikowe jago pa Were no,,,,,,,,,,,
"  Kanyaka oro chako ki chwoyo kali, itero tongi gweno kende wiryete no dho oti pa Mikowe",,,,,,,,,,,
"  Meno nyutho ni ochak chwoyo, kendo i kwayo Were Othim okur chiemo mandelo maber",,,,,,,,,,,
"  To ka chiemo mandelo ochie? ki kecho, i ndelo ma chowo Were ma Diodipo kod Were Othim, chiemo pa Mikowe itero wiryete no isa",,,,,,,,,,,
"  I kwanyo kwon gi gweno ma kwo ti tero ri Mikowe ti lamo rigo, ti neko, tibulo abula ti chamo gi koro ma kotedi",,,,,,,,,,,
I chowo me gye gigipipy mineko wok rolim pa dhano paka nitye,,,,,,,,,,,
  Ja chandi neko gwendi kende kende,,,,,,,,,,,
  To ?ata nitye kod lim madit neko wod diel ri Were ma Diodipo kod gwendi matheno wiy diel no,,,,,,,,,,,
"  Ri Were Othim bende i tero wod diel ti neko isa wiryete, makiwene gi yo wa?  kach, ti bulo abula ti chamo gikoro",,,,,,,,,,,
  To ka ?ata o?a? tek tek neko thwon ri Were ma Diodipo aka ri Were Othim neko bende nyathi thwon yo sa,,,,,,,,,,,
"  To kareno diegi kodi dhok ki neko, i neko kis oro adek kosa a?wen aka gwendi amineko kis i chowo ma kis oro",,,,,,,,,,,
"(ii) Chowo Jwogi, me ilwo?o ni chowo jwogi ma pecho",,,,,,,,,,,
  Dwo?   mere ni jwogi pa ji madongo kod mathindho mutho pecho no,,,,,,,,,,,
"  I chowo ama: ka oro orumo, i Dwo?  o ko?o, ti madho, aka ko?o no ilwo?o ni ""ma yer gwendi",,,,,,,,,,,
"""  Rumachie? ma ndelo adek ti neko gwendi, gweno achie? bedo apa kwa?  jo ma Dwo?   ma pecho no, aka man bedo apa kwa?  jo kosa baa jo kod nyithindho gye majo tho pecho no",,,,,,,,,,,
"  Nitye udi mathindho thindo migeto ri jwogi me, ilwo?o ni ""Migam"", aka kenyo bende amilamo ye gwendi no",,,,,,,,,,,
"  I hongo ma chowo, mon jo chamo nyim kod ri?o aka chwo jo chamo gwendi",,,,,,,,,,,
"(iii) Chowo Kunu, me i lwo?o ni kiluw, amu?iyo ochwok ni kunu; ni kada kidh iya jwoka Were amaluwo rigo",,,,,,,,,,,
"  Go aja tel ma pa kis nono i gigipiny gye ma jo timo, aka kis nono bedo kod apa jo ku pokere",,,,,,,,,,,
  Aka JaDwo?   achie? ma nono no amakidho chowo ri nono no gipi,,,,,,,,,,,
"  I hongo no, i Dwo?  o ko?o pecho ti ti?o ko?o gi wod diel gi wod gweno ti tero ri Kunu",,,,,,,,,,,
  Ko tundi koro ti lamo rigo gigipiny no gye,,,,,,,,,,,
  To diel kod gweno i neko ti bulo ti chamo achama ma ?iyo ?iyo swa?  aka ko?o bende i madho ?iyoto ti ay i jowere i Dwo?  o,,,,,,,,,,,
  Kareno yo pecho korin bende onek diegi kod gwendi ti tedo gi kwon; aka k'otiek chiemo ti madho ko?o manende odo? pecho,,,,,,,,,,,
"(iv) Chowo Jwok Bura, me i chowo yo Nyakiriga, aka jwok me Majanga amachango osukina gine (nen Adech I, Siro 4)",,,,,,,,,,,
  Pecho ma Bura ni iye i geto rigo oti milwo?o ni oti Bura,,,,,,,,,,,
"  Oti makite me bedo thenge man, aka Migami ma jwogi ma pecho bende bedo thenge man",,,,,,,,,,,
"Indir ma chowo Bura, I Dwo?  o ko?o pecho, to miyatero yo Nyakiriga i Dwo?  o paka konon to dikin i tero rupir ni Bura kimadh ko?o ma kech madho ki bunde ayino",,,,,,,,,,,
"  Ko?o no itero kod wot gwendi, diegi kosa dhok, wok ti lim pa dhano; to kwon kosa mwenge pendi kosa kwete kiter, aka thach mati?o ko?o kitim ma makola kwanyo woko ma lumi",,,,,,,,,,,
  Ko tundi yo Nyakiriga i lunyere gi woko aki donjo i iye kinyoro aki chowo,,,,,,,,,,,
  Gwendi kosa gimoro muter i bula bula yo koro tichamo,,,,,,,,,,,
  Mon kiyey jo donjo i Nyakiriga,,,,,,,,,,,
"  Ko Dwo?   yo Nyakiriga aka nyaka yo pecho korin bende i neko gwendi ki lamo dho kwom oti Bura manitye pecho, aka ko?o bende ti madho",,,,,,,,,,,
"  To kende yo pecho korin kineko gwendi ma Bura i neko kir ri Were ma Diodipo, Were Othim kod Jwogi gye ma pecho",,,,,,,,,,,
"  Rupir ni Bura me wendo aka konek rigo kende, Were ma pecho kod jwogi mere jo dhaw",,,,,,,,,,,
"Bura me mako amaka dhano pa twoo, ka wok kwom kwa?  mere kosa baa mere kachango bende chowo Bura",,,,,,,,,,,
"  Ko tieko mako dhano, to jo Bura wa?  jo bino jo lamo rigo Bura; tigeto oti mere i diodipo, aka i oti no i ketho iiye to? bidhi kod ayiga miDwo?  o iiye ko?o mitero yo Nyakiriga",,,,,,,,,,,
"  Aka to?i man maDwo?   mi lwo?o ni to?i Bura bedo i oti minindo iiye, aka kiwodhi woko kichar",,,,,,,,,,,
"  Yo Tewo Nyakiriga kis nono jo geto iye oti Bura pa jo, maka nono no okidho chowo, jo lamo iiye",,,,,,,,,,,
KULA MA NYWOMIROK,,,,,,,,,,,
"Nywomirok machon ma jodongo, chango nyiyach won kod Nyako jo kiwech ma nywomirok kwanyo woko bachere pa jo ama jo mako mere aka nyaka nyithindho pajo nywomere",,,,,,,,,,,
"  Dwo?   mere ni, yado ka dhano onywolo nyiyach dwaro ?ata bende nitye kod nyako to mako gine mere to jo chako wendirok maDwo?   ma chiemo, ko?o, mwenge kod gigipiny gye michamo",,,,,,,,,,,
"  Kajo yeyere to baa nyiyach t?eyo i chingi nyako no atego, manyutho ni nyako no otiek mako",,,,,,,,,,,
Kendo ka baa nyiyach no nitye kod dhia? to tero kano ri baa nyako,,,,,,,,,,,
  Aka dhia? no ko nywol yo koro amachomoro ti loko manywomo nyano,,,,,,,,,,,
"  To ka ongoye gi dhia? to otieko mako mere oripo, to chako rango dhok, manywom gine ri wode",,,,,,,,,,,
Gigipiny me gye timere ka nyithindho fuod jothindho,,,,,,,,,,,
"  To ka nyiyach otieko dongo, ka romo oro apar ga boro kenyo aka nyako bende romo oro apar ga wichie? kadho malo; to baa nyiyach nyaka oro go ni kidh i wech kod nyar ?adin ama wadimo rin",,,,,,,,,,,
"  Wok ndirino to nyiyach chako choko yach wa?  makidho konyo go gi ?iyo nyako no yo kulo, kosa yo dimo yen kosa yo miel gimako tero pecho",,,,,,,,,,,
"  To indir majo ?olo iye nyako no aka jomaki, aka jobed gi silwany marach ma wutimin nyako no jo bed chiegin, gorok bedo maDwo?   tek tek",,,,,,,,,,,
  Ka jo pa nyako jo kiyey ni oter nyamin jo,,,,,,,,,,,
"  To kada ameno nyiyach jo temo atema chuka jo limi nyako jo dok gine kosa jo lweny gi wutimin nyano to jo turo jo, to jo yombo jo gi nyako no",,,,,,,,,,,
"  Ka nyako otiek Dwo?  o gine, aka nyaka wach wok ni wod pa ?atin ""orendho nya pa ?atin",,,,,,,,,,,
To nyako no kichie? yo pa nyiyach no i hongo no kwanyo woko chiemo wok awoka yo thugin kosa yo pa wa?  pajo machiegin kod kenyo,,,,,,,,,,,
"  To ndir megi nyako mamisen tieko kada ndelo kweth mako chiemo, ka chiemo kokel rigo wok thugin",,,,,,,,,,,
  Meno bende apaka chango i?eyo gine nyako m'owoor kosa ma k'owoor,,,,,,,,,,,
"  To rumachie? mandelo adek kosa aryo tiketho nyako no i dho oti pa adhamere (me min nyiyach pere mu kelogo), ti t?eyo rigo chip kod chieno ti wirogo kod mo ti kethogo i pyen dhia? kosa pyen diel",,,,,,,,,,,
"  Kenyo to jo pa ywoche jo lielo wiye, ti ?ado lweti chinge kod lweti tiende",,,,,,,,,,,
  Aka gigipiny no adhamere kano kuma diny swa,,,,,,,,,,,
"Rumachie? ma gigipiny me, yado bedo gi kula ni nyako kwale dok thugin",,,,,,,,,,,
"  To kareno gigipiny manywom bende jo dongo jo tieko yiko, gitero",,,,,,,,,,,
"  Yado inywomo dhok abu?wen kosa apar, diegi, to?, ?et kwe, atego obad kod ganga adeya",,,,,,,,,,,
"Rumachie? kanyako otieko kwale odok, to nyiyach odoko kidho to jo liwo ma diryo gi mako Dwo?  o gine",,,,,,,,,,,
  I hongo me aka nyaka nyamin nyako kod omin to jo bino,,,,,,,,,,,
  Aka nyaka adhamere tedo kafuta aka nyako no jo chiemo kod nyamin,,,,,,,,,,,
  Me amilwo?o ni Nyutho nyako chiemo,,,,,,,,,,,
"  To ka fuod jo kochiemo nyamin no i?iyogo diel aka omin i?iyogo to?, aka nyako won i?iyo atego ni malogo kod mayawo dhoke",,,,,,,,,,,
  Wok ndirino to nyako chako chiemo yo pa chwoge no,,,,,,,,,,,
"  Ka gi me orumo, aka nyaka jo thugi nyako jo kelo chiemo iya tawo ga dita",,,,,,,,,,,
"  Chiemo me amilwo?o ni ""Dhoki Nyako",,,,,,,,,,,
"""  To atawo kod adita no kidok gine i ?eyo ri adha nyako to kano kanyachie? gi ye wiye machango oliel kod lwete machango o?ad",,,,,,,,,,,
"  Gigipiny me ikano kuma diny tek tek, rupir ni ka chomoro nyako no omit eye pecho no, to adhamere moro gye mubed, to lamo nyako no gi gigipiny no; to nyako no bedo kod silwany marach kumu kidho iye, kosa Dwo?  a aDwo?  a ma kogalo",,,,,,,,,,,
"Tedo Abor:  rumachie? ma nywomirok me, baa nyiyach kidho to penjo baa nyako ni mito chiemo maluwo gine tiend dhok",,,,,,,,,,,
"  To baa nyako kwayo baa nyiyach dhia?, to tero rigo",,,,,,,,,,,
  To baa nyako kwanyo dhia? pere man to neko titedo chiemo madit swa?  ti ti?o iya agonini kweth ti tero yo pa nyiyach gin,,,,,,,,,,,
"  Gwendi mere ki thum wich kosa tiende, itedo ateda ameno",,,,,,,,,,,
"  To ?ata otedo abor aka o?ondo lwet gwendi, odoko ripo aripa neko gweno man rumachie? ma kwa?o lwet gwendi no gi tero yo kuma chango oter ye abor no",,,,,,,,,,,
"  Dhia? no bende kiya? yo eme i t?eyo atweya gi wich kanya chie? titero, me aa atedo Abor",,,,,,,,,,,
"  Aka jomo ti?o chiemo abor ka jo tero jo wero ni, ""Yido wiyuma Abor, Abor ti Orumo",,,,,,,,,,,
KULA MA MINYUR,,,,,,,,,,,
"Kis nono nitye kod kweer mamako kwom minyur, mu pokere opokere, paka atito iy' Adech II, kwom kis nono",,,,,,,,,,,
  To kula ma andiko ka ama temo pa riwo kis nono gye i tim mere,,,,,,,,,,,
"Ka dhako onywol tieko ndelo adek kanyathi manyichwo to ka nyako tieko ndelo a?wen, aka nyaka nyathi no i wodho woko",,,,,,,,,,,
"  Indelo ma wok no adha minyur fwono boke akendo adek kosa a?wen paka kweer nitye to donjo i ?iyo oti maminyur nitye iye, kareno minyur oti?o nyath i chinge aka ochungo, to goyo madeko minyur didek kosa di?wen to wodho go gi nyath woko i diodipo",,,,,,,,,,,
  Me amilwo?o ni minyur owok,,,,,,,,,,,
  Aka ndir no amitedo iye magira gi kwon ti chiemo kanyachiel,,,,,,,,,,,
  Me amilwo?o ni tedo minyur,,,,,,,,,,,
"Rumachie? jo thugi nyako bende jo kelo moko ko?o, ?ori mo?aki ma magira, kod aditin moko mupo? adek aka kareno i kis adita nitye iye muma ri?o",,,,,,,,,,,
"  Adita moko achie? kidho pa Adha minyur, man ma oti pa minyur won, aka man amitedo ndirino",,,,,,,,,,,
"  Ka chiemo ochie? minyur kod nyath jo bedo idhioti aka i kwanyo kwon tiketho iiye magira, tiketho iya lithikwon, ti ?awo inyim dhioti",,,,,,,,,,,
"  Aka kenyo milem minyur wok kuni ka sedela gi tiende achie? ka wero ni, ""Achamo, kwon Apipili, Achamo kwon Apipili, Achamo kwon Apipili, Apipili, Apipili",,,,,,,,,,,
,,,,,,,,,,,
","" to guro nyim minyur gi kumbo tiende to gik chamo kwon m'ongaw malo no",,,,,,,,,,,
  Timo ameno kad dek kosa di?wen,,,,,,,,,,,
  Me amilwo?o ni tedo Apipili,,,,,,,,,,,
"To nyath mu nywol aka jo thugi mini jo kokelo moko makite me, i chwoko nyinge ni Ongoye, ka nyiyach, kosa ni Angoye kosa Olore ka nyako",,,,,,,,,,,
  Aka kokel moko aka aditin obedo ?anda mamoko ko po? ka nyath ma nyako i lwo?o ni Nya?anda,,,,,,,,,,,
Tim me itimo ri kis nyath manyiyach marapena kod ma nyako marapena kende,,,,,,,,,,,
  Dwo?   mere ni ka dhano otieko limo nyath ma nyiyach kod manyako to kweer me rumo,,,,,,,,,,,
"  Aka kopen nywolo rut, kweer makite me ki tim atima swa kwanyowoko i timo ma rut ayino",,,,,,,,,,,
KULA MA RUT,,,,,,,,,,,
"Wok chon i Padhola ji mu nywolo rut, ilwo?o jo swa kendo i ketho kwom jo Dwo?  ",,,,,,,,,,,
  Jachwo mere i lwo?o ni baa?wengi aka dhako i lwo?o ni mini wengi,,,,,,,,,,,
"  Nyithindho rut, kod jo maluwo jo bende i lwo?o jo kendo ki luw kwom jo kichar kichar pecho no",,,,,,,,,,,
"Rut nyingi jo kidho ama: kamachwo, mutelo i lwo?o ni Opio, aka ma luwo Odongo",,,,,,,,,,,
"  Joma luwo rut bende nyingi jo luwere ama, Okello, Omali kosa Omala, Osinde kod Omita",,,,,,,,,,,
"  Nyir mere bende i wiro nyingi jo ama: Apio, Adongo, Akello, Amali, Asinde kod Amita",,,,,,,,,,,
"  Ka rut onywolere mu luwere aluwa aryo aryo, nyingi jo i chwoko ama: aryo mu telo i chwoko Opio kod Odongo kosa Apio kod Adongo; aryo mudoko luwo, i chwoko Okello kod Omali/Omala kosa Akello kod Amali; aryo mu doko luwo, i chwoko Osinde kod Omita kosa Asinde kod Amita",,,,,,,,,,,
"  To kodoko oluwo rut mara?wen, ndirino i chwoko nyingi jo ma kis ndelo makiwene ma rut",,,,,,,,,,,
"  Nyithindho rut kod maluwo jo, kichwok jo nyingi jo ma jwok, kwanyo woko i kero akera jo ni jaryo, kendo ka fuod jo thindho ki lwo? jo ni nyath kwanyo woko i lwo?o jo ni nyithdho kada nende bedi achiel",,,,,,,,,,,
"Ko nywol rut i timo athero aryo, ti ?iyo nyath okewo tero achie? yo p'omin baa?wengi ma nono, aka achie? tero yo p'omini miniwengi ma nono",,,,,,,,,,,
"  To katero athero me ripo kurirok swa?  rupir ka wegi pecho muter iye, jo ?eyo ni go otero athero jo nyalo goyo go tek tek swa?  ni rupir otero rijo kayongo",,,,,,,,,,,
"  Amu?iyo kotundo pecho no, bola bola athero kamoro paka dho oti kosa kwom dero, to kotundo?iyo kosa pa jager to oro dhano kidho wacho ri jo pecho no ni ?atin obayo riwin athero pa ?adin",,,,,,,,,,,
"Rumachie? mandelo adek, omin baa?wengi bino to wodho go woko to ywayo go tero isa kareno ji jo galagasa kod wer gye",,,,,,,,,,,
"  Omin miniwengi, bende timo ameno indirino",,,,,,,,,,,
"  Ndelo no i tedo chiemo, to kima diti, ri ji mubino",,,,,,,,,,,
  Me amilwo?o ni wodho rut woko,,,,,,,,,,,
"To ji machango obay ri jo athero ja ryo no, jo penjere paka jo tedi, kosa jo nek dhok kosa diegi, to jo yiko ndelo majokidh yawo rut no",,,,,,,,,,,
  Jo pecho pa baa?wengi kod jo pecho pa mini wengi bende jo penjere paka jo tedi ma yawo rut,,,,,,,,,,,
"  Indelo ma yawo ko tundo jo rathero jo tedo chiemo madit swa kod gigipiny majo neko to jo bino gine; kendo kis dhano mawa?  kenyo kosa ma mere kenyo, aka chiegin, gye tedo chiemo kelo indelo no",,,,,,,,,,,
"  Obedo gi kula ni ka jo rathere jo tundo jo nwa?o, okewo mu keth kuro kenyo otimo kudho o?ono ochulo gine dhioti pa rut aka jo turo kudhin no gi mbaka aka jo donjo",,,,,,,,,,,
"  Aka jaromin kwanyo go to wodho woko, ti wero wer nono ki mielo i thoko go aka igalagasa; ja nyamin bende timo ameno",,,,,,,,,,,
"  Aka chiemo manende jo rathero jo kelo jo wile awila, to jo dok gine",,,,,,,,,,,
  Aka ma ji man jo kelo amichano kenyo: Rumachie? ti neko nyath gweno ti bulo to ji gye chokere to jo kayo choko gweno no,,,,,,,,,,,
"  Jo rathere jo bino kod aditin mudil iye kwoyo, nyingi kali, ?or, duma, gi kite chiemo gye aka gigipiny me i chwadere gine ki mielo aka aditin mere bende i wile akidok gine",,,,,,,,,,,
Gigipiny madongo i rut:,,,,,,,,,,,
"(i)	Okewo",,,,,,,,,,,
#NAME?,,,,,,,,,,,
"  Indir madok pere i dhiro go kod kiwulo kwon gi gweno, kiwulo kwon gi ri?o kod ayiga ko?o",,,,,,,,,,,
"(ii)	Jayath, ndir madit bedo dhako, go ama bino aka thumo peendi nyithindho aka ywoyo yath to rwako jo i oti",,,,,,,,,,,
"  Indir ko tiek yawo rut, ja yath i dhiro go kod kiwulo kwon a?wen, degi ri?o aryo, degi gwendi aryo kod dak ko?o achiel",,,,,,,,,,,
"  Jayath me amatero mini wengi yo thugin ka hongo otundo, kendo amatero go timo gigipiny gye ka hongo ma minyur orumo; paka fur, ku1o, tedo, dimoyen, kod rego",,,,,,,,,,,
"  Ki yakedho oti rut, ja yath amabino ko tieko ywoyo yath, gi neko rombo aka i kedho oti no",,,,,,,,,,,
"(iii)	Buru Rut",,,,,,,,,,,
"  To hongo ko tundo jayath bino kelo yath ywoyo iye, to jowo to tero i lul moro",,,,,,,,,,,
"  To lul no wok ndirino bedo kweer, ma kidonji iye kosa fur iye",,,,,,,,,,,
  Kendo buru mere nike kadhano o?eyo kosa onyono to chinge kosa tiende yure do? mu bokere abooka,,,,,,,,,,,
  Jo pecho no rupir jo lwokere gi yath amu?iyo buru no kiyuy jo,,,,,,,,,,,
"(iv)	Rombo, i oti rut ki eye mini rombo",,,,,,,,,,,
"  Me amakuro baa?wengi, mini wengi kod nyithindho rut gye, rupir ka jo tho nyath rombo amineko i liend jo akiyiko jo",,,,,,,,,,,
"(v)	Tho pa Rut",,,,,,,,,,,
"  Kendo ka jo dongo, aka man tho, nyawote kinen bur pere",,,,,,,,,,,
"  Baa?wengi kod mini wengi, ka jo tho i yiko jo othieno swa kareno otiek neko rombo",,,,,,,,,,,
"  Indir mayiko i menya menya bur gi mach, pa chik mere, to kareno bende piny kidho ka chol amu?iyo mach mitere",,,,,,,,,,,
KULA MA YIKIROK,,,,,,,,,,,
Chango chon kis nono nitye kod jo milwo?o jo ni jo Chiembi,,,,,,,,,,,
"  Jo me chango bedo nono man majo mako gi jo mere, ma yikirok, ma ka jotho jo nono no ama jo bino jo kunyo bur kod yiko jo",,,,,,,,,,,
"  Nono ma jo yikere i kite me ma jo Chiembi, jo kilimere ka jo twoo kwanyo woko ka jo tho aka jo bino yikirok",,,,,,,,,,,
  To indir me kula me ti ongoye,,,,,,,,,,,
"  Ti kadhano otho ?ata onwa?o ama kunyo bur gi yiko, mungoye tito ni ja nono manyo ama yiko nono manyo",,,,,,,,,,,
"Ka dhano otho, okewo bino to choko kasiki i diodipo to mooko mach",,,,,,,,,,,
"  Ka ?ata Dwo?   amutho, i lwo?o ja fumbo, tongol gi teke to jo bino jo goyo ti mielo ka fuod ?ato nitye idioti",,,,,,,,,,,
"  Ki kidho yiko, dhako Dwo?   muti ama lwo?o ?ato kod misumiya pendi, aka dhako no tero kiladuk ma dhia? kosa diel mu nek i liend ?ato",,,,,,,,,,,
  Pyen dhia? kosa diel no bende i liro ye ti ketho i pal chunyi ?ato'tho akiyiko gine,,,,,,,,,,,
  Yado ja chandi i yiko i boke aka ja ?a?o i yiko i pyen,,,,,,,,,,,
"  Ki ketho dhano i bur wiye ?iyo thenge ma wiy nono pa jo ?iyo (nen Adech II) to jachwo kod nyath manyichwo i ketho jo gi ?et jo, ka jo nindo gi ching jo marachuch, aka dhako kosa nyath manyako i ketho jo gi?et jo, aka jo nindo gi ching jo maracham",,,,,,,,,,,
"  Ko tiek yiko dhano, ji pere jo nindo i diodipo wor ka jo kuro kaliel",,,,,,,,,,,
  Gime chango obedo rupir chango nitye jo jwogi kosa ogwange ma yado bino golo ?ato'tho,,,,,,,,,,,
  Ri ameno tichako nindo woko kuro kaliel tundo indir mu nen ni dhano otieko topi,,,,,,,,,,,
  Mati me i kuro tundo chieko mwenge ma kasiki,,,,,,,,,,,
"Rumachie? mandelo adek kanyichwo kosa ndelo a?wen ka dhako, bedo gi milwo?o ni liedo kosa pido",,,,,,,,,,,
"  (Nen Adech II, Siro 1, jo dongo nono",,,,,,,,,,,
)  Ndirino yado chon nwa?o ni otiek kidho iiya jwoka openji gi muneko ?ato,,,,,,,,,,,
  Aka ndelo no ama ji pa ?ato jo chokere tito gimokelo tho no,,,,,,,,,,,
"  To ma Dwo?   mere i lielo wiy jo ma kaliel; aka mati me bende andelo miketho iye Misika pa?ato, kwano gigipiny pere, chulo banjin pere gi pido jo manitye gi banjin pere, ko nwa?o ?ato ja chwo majapecho",,,,,,,,,,,
Ka ndelo okadho maromo apar ga?wen i chieko mwenge kosa ko?o milwo?o ni ma kasiki,,,,,,,,,,,
"  Aka kotiek madho, tineko mach ma diodipo makidok mok",,,,,,,,,,,
"  Ka ndelo odoko oromo pieraryo ga chiel, chuka ?ato tho i dok chieko medho man mi lwo?o ni ma masanja",,,,,,,,,,,
"  Ndirino kotiek math no ti chwinyo masanja machango inindo iiye woko, kareno ochok gye kanyachiel",,,,,,,,,,,
"  Ka oro okadho achie? tundo iyadek, i chieko medho man milwo?o ni ma kedho oti",,,,,,,,,,,
  Me bedo pa kalima maDwo?   swa?  inyalo neko dhia? kosa diel ti Dwo?  yo medho madit,,,,,,,,,,,
"  Medho me i chako medho othieno tinindo woko, yawere mere i dok madho mu diochie?, aka yawere man mere aka i mondo kedho oti, aka nyaka itedo chiemo gi neko gigipiny",,,,,,,,,,,
"  Indir madit i hongo me, ama ka?ata otho obedo ja chwo ak'o?eyo dhako kosa mon, dhako no dimo ywore mukur go; i lwo?o ni mako chingi ?ata go okure gine",,,,,,,,,,,
"OKELO, me timere rumachie? ma oro adek tundo apar",,,,,,,,,,,
"  Kotiek yiko matoke ma mwenge mere, aka onindo ndelo aryo i bur aka nyaka i Dwo?  o ko?o milwo?o ni, taangaa",,,,,,,,,,,
  Ka ndelo okadho achie? nyaka i Dwo?  o ko?o mathoth mere,,,,,,,,,,,
"  Kotiek dhi?o matoke ti lwo?o ja fumbo kod ja goy Okelo, to nyaka i madho ko?o taangaa",,,,,,,,,,,
  Ko?o me i tero paka apa jodongo machango jo tho pecho no chon,,,,,,,,,,,
  Me andelo migoye iiye Okelo kod fumbo nindo woko,,,,,,,,,,,
"  Ya were mere ti medho, medho ma Dwo?   tek tek; aka wa?  chie? maromo abu?wen, ti tero Okelo isa amigoyo iiye",,,,,,,,,,,
  Yo saa no i kidho kod nyath gweno ti neko i tyendi Okelo no ti bulo tichamo; me i lwo?o ni gweno matheno Okelo,,,,,,,,,,,
"  Rumachie? ma miel tek tek yo saa, ti kedhere i wa?  chie? maromo apar gachiel",,,,,,,,,,,
  Aka kiDwo?  o wok isa ki woth?iyombera ayomba,,,,,,,,,,,
"  Meno agike miel, Okelo",,,,,,,,,,,
  Aka yawere mere ti neko dhia? ni ri ?ata opunya go no,,,,,,,,,,,
"To kula me gye mamako kwom yikirok, nonini megi timo ikite mu pokere opokere ye nyakamath, to kareno me apaka gigipiny mere gye luwere",,,,,,,,,,,
"  Kendo, Okelo, igoyo i liend jo dongo kende makiwene nyithindho bende",,,,,,,,,,,
KULA MA KERIROK,,,,,,,,,,,
Jo Padhola yado jo nitye kod kula makero gine dhano; Dwo?   mere ni ?iyo dhano Dwo?   gi nyingi jo man ?eyo nyinge ma kis ndelo i lwo?o gine,,,,,,,,,,,
  Moni ndirino jo asa kero gine ywoch jo,,,,,,,,,,,
  Aka chwo jo asa kero gine mon pajo ma jo asa mito,,,,,,,,,,,
  Aka nyir kod yach bende jo kerere ka jo mitere,,,,,,,,,,,
"  Gima Dwo?  , kerirok nyutho mitirok kod miyirok Dwo?  ",,,,,,,,,,,
"Ker ma pa jo Luli kod jo Mawele yado megi opokere to kareno pokirok mere bedo ri wach achie? achiel, kosa wiro nyingijo nwa?o man mikero kite man aka man bende i kero i kite man",,,,,,,,,,,
  Ranyuth ma kerirok manitye ka oruwere aruwa mungoye tito ni me ma yo Mawele kosa me ma yo Luli,,,,,,,,,,,
  Nyingijo megi ma nya nono kosa ma jwok ma pecho ongoye kod ker mere,,,,,,,,,,,
"  Kendo nyingijo megi bende ongoye kod ker, aka ker megi riwo nyingijo mu more omore",,,,,,,,,,,
"(i)	Ker ma rut",,,,,,,,,,,
"(ii)	Ker pa mon",,,,,,,,,,,
"(iii)	Ker pa Chwo",,,,,,,,,,,
KULA M' AKISILI,,,,,,,,,,,
"Akisili Dwo?   mere ni tuko gala makisangala mategino, mapa jo moneno nyikwa?  jo; kendo manyutho ni jo no jo misen majo nyalo lweny ri piny pa jo mungoye lwo?o tho kada di chiel",,,,,,,,,,,
"Akisili yado bedo kis ka oro okadho aryo, aka ?ata otieko kisila kidok sila madiryo, Dwo?   mere ni dhano sila dichie? kende i kwo pere",,,,,,,,,,,
"  Kwanyo woko ka dhano onwa?o hongo pere otundo ma kisila to ?ato tho kosa twoo, kenyo jo dongo Akisili jo dimo wode kosa omin to sila rigo i kabedo pere",,,,,,,,,,,
  ?ata odim kisila ri nyawote i kite me amanyalo kisila diryo i kwo pere; i hongo pere won kod i hongo mu dim iye go kisila ri dhano mani no,,,,,,,,,,,
  Akisili chango i tero pa gi maDwo?   swa kendo ?ata osila i lwo?o go tek tek kendo i ketho kwome Dwo?   kis kuma okidho iye,,,,,,,,,,,
Ka oro m'Akisili otundo jo dongo m'Akisili jo chokere to jo dimo miworo majo ya kisila; aka kis adech pinyi dimo ja Dwo?   ma yachoko wadi; to jo yiko ndelo kod ka bedo miya kisila iye,,,,,,,,,,,
"  ?ata odim kisila wok i hongo no, go gi dhako pere kosa moni pere jo kidok jo tiyi tich moro gye paka fur, tedo, kwath, kosa dwar, kwanyowoko ki waya awaya kod chiemo achiema kende",,,,,,,,,,,
  Ndirino ?ato dimo jagin paka welo pa mon pere nitye aka jono ama jo ?iyo rijo tich gye,,,,,,,,,,,
  Jago kosa jagin me jo nyalo bedo majo nono pere kosa majo nono man,,,,,,,,,,,
I ndelo ma kisili kis ja kisili timo powin aryo aryo to jo kidho gine iy'abaar miya kisila iye gi mon pajo gi jagin pajo,,,,,,,,,,,
  Iy'abaar no yach mamiworo bende to jo bino gi powin; aka jo no ama jo chwadere gi jor'Akisili,,,,,,,,,,,
  To kada nende ameno yach me ki kwa?  jo ni bende jor'Akisili,,,,,,,,,,,
"  Ka jo gye jo tieko chokirok kenyo, to dhano achie? wok yo thende pa jor'Akisili kidho omo iyi yach, aka thenge pa yach bende bino omo iyi jor'Akisili",,,,,,,,,,,
  To gima wok iye thenge aryo no gye to jo ay jo chako chwadirok gi powo,,,,,,,,,,,
  To kada nende i chwadere ameno ki dhaw kosa mako ?onge,,,,,,,,,,,
  Ichwadere achwada swa?  swa?  ma ji man jo nyalo tho kir gi tho,,,,,,,,,,,
  To konen dhano mulachere swa ka mon jo bino jo podho kwome ti ?eyo ?ato,,,,,,,,,,,
"  Chwadirok me chako wok wa?  chie? maromo aboro kosa abu?wen tundo apar kosa apar ga chiel; aka ka ji ooli ja Dwo?   achie? bino to poko jo ti, ?eyo chwadirok ti bolo powin no kanya chie? ti dok",,,,,,,,,,,
  To ?ata luth onia? kwome i wiro go gi woyo dhia? to chango achanga swa makudoko otwo,,,,,,,,,,,
"Rumachie? ma ndelo maromo apar ga ?wen, ji musila gye odoko jo chokere isa iy'abaar machango jo chwadere iye gi powo",,,,,,,,,,,
"  Aka kis ?ata osila tero thwon (mirikwa kiter), m'omin amuwodho rigo (Dwo?   mere ni ?ata osila won, ki wodh dhia? pere won)",,,,,,,,,,,
"  Dhok me i chielo achiela, aka nyaka i ya?o, ti chamo gi sa koro, jo musila gye kanya chie? gi jo nonini pajo gi ji pajo",,,,,,,,,,,
  To kis ?ata osila gye dok kod eme aryo ma dhia? pere,,,,,,,,,,,
"  Aka jago kosa jagin pere ama jo tero kidho tholo ri?o no gye, mu ngoye rwenyo kada muma achiel; ma korwenyo kada muma achie? jagin no jo chulo achula dhia?",,,,,,,,,,,
"  Kari?o othwo aka jo kelo bothi rwoth pajo to nyaka ?iyo jo ri?o megi, to mudo? to won chamo",,,,,,,,,,,
Bedo jago me rumo ka tich m'Akisili orumo,,,,,,,,,,,
  To wok hongo no tundo tho jo bedo mere maDwo?   pecho no,,,,,,,,,,,
"  Aka kada nende chango jago no ko bedo wa?  makenyo bedo abeda pa nyath ma oti, mudoko ki nywom nyako makenyo",,,,,,,,,,,
"  Kendo jago kod rwoth pere jo kidhaw tundo tho, rupir ni ka ?at man odhaw gi nyawote to ?at man no tho",,,,,,,,,,,
"  Aka jumosila won bende jo bedo mere maDwo?   ma tundo tho; kis gimoro paka dwa?  kod lweny, gye jo bedo i kitipa achiel",,,,,,,,,,,
KULA MA CHIELO ONDEGA KOD GOYO ABILO,,,,,,,,,,,
"Chielo Ondega kod Goyo Abilo me chango obedo tuko ma fuonjo gine yach manyaka jo ayi, ndijo ma lweny, dwa?  kod kuro jo kwor",,,,,,,,,,,
  Tuko aryo me gye chango i timo rumachie? ma fwono ?or Dwo?   mere pama dinyo water ni idwe ma October tundo February ka piny othwo,,,,,,,,,,,
  Aka i tuko yo sa iya'baar,,,,,,,,,,,
  Koro ama yach ma loka man jo romo iye kod yach ma loka man aka jo tuko i kite ma piem,,,,,,,,,,,
"  Bedo jodongo ma jo kidho kod jo, ma jo fuonjo jo kod thumo piem no",,,,,,,,,,,
"  Yach ma jo nenere ni jo nyalo chielo ondega kod goyo abilo maber, meno amichako nyiewo rijo bidhi kod tonge ma lweny kosa ma dwar",,,,,,,,,,,
"(i)	Chielo Ondega",,,,,,,,,,,
Ondega bedo yath mudoli aka omin pa thach malach paka ma ch?eyo gine peendi dero,,,,,,,,,,,
  Yach ma jo kidho chielo jo chanere yo thenge achie? kareno kis ?ata chie? nitye kod thiri,,,,,,,,,,,
  Aka JaDwo?   mu ti?o ondega bedo yo wa?  jo bor bor ye to dwiro ondega; aka nyaka kis nyiyach i weso pere bayo thiri pere chielo ondega mu dwir no,,,,,,,,,,,
  Jo loka ma jo asa chielo ondega meno amajo loyo,,,,,,,,,,,
Tuko me yado fuonjo jo chielo gimoro gi to? kosa bidhi kada gino onwa?o nitye bor kosa onwa?o ringo,,,,,,,,,,,
"  Aka tuko me chale kod apa Wasungu milwo?o ni, Javelin",,,,,,,,,,,
"(ii)	Goyo Abilo",,,,,,,,,,,
"Abilo bedo yath matek, mu pay mu ?ini aka romi mere bedo mu ripo oripo ye",,,,,,,,,,,
"  I goyo kod yath bende ma bor ye mu pay mo?inere, ma chale kod luth abiro ma Dwo?  ",,,,,,,,,,,
"I tuko me jo loka man kod jo loka man jo laro abilo no ka jo goyo gi 1udhe, aka loka mu laro aka jo tero yo thenge ma pajo loka man, meno ama jo loyo",,,,,,,,,,,
"  Tuko me chale kod apa Wasungu milwo?o ni, Hockey",,,,,,,,,,,
  Aka ama yado fuonjo yach goyo ludhe,,,,,,,,,,,
KULA MA LWENY KOD DWAR,,,,,,,,,,,
"(i)	Lweny: Chango kis adech bedo kod JaDwo?   mere matelo jo i lweny",,,,,,,,,,,
"  JaDwo?   no bedo kod gwara, aka kiya kidho lweny kosa dwa?  to goyo gwara, to mon ma iyadech no jo chako tedo ?iyo ?iyo ri chwogijo majo kidho lweny; aka jo lweny bende to jo wodho tonge to jo pako i witele miketho yo migami, (nen Adech III, Siro 2 (ii)",,,,,,,,,,,
  Migami me bedo ma kis pecho aka i migami ma Dwo?   apa kwa?  jo ama bedo iye tele no,,,,,,,,,,,
"  Kis pala mathumo gi moro gye, kod tonge ma lweny kod ma dwa?  gye i pako i tele no)",,,,,,,,,,,
"Kotiek pako tonge tichomo romigam, tikidho chiemo",,,,,,,,,,,
  Kowok chiemo ti kwanyo tonge gi kwoot ti kadho akadha yo iiy'abaar kuma JaDwo?   lweny oyiko chokirok iiye,,,,,,,,,,,
  Gwara odoko ywa?  ma nyutho chokirok me,,,,,,,,,,,
"  Aka JaDwo?   lweny kotieko goyo gwara ma choko ji, to chulo dhok gwara no to bolo yo tie1o yo tiend kitanda; rupir gwara no kikidh gine yo lweny",,,,,,,,,,,
"Wok iy'abaar muchokere iye, jo lweny jo wok iye gi ?wech kidho kuma lweny nitye iye, kareno ji jo tieko chokiroki madit, wok ithenge gye gye",,,,,,,,,,,
"  Ka jo turo lweny, aka jo yaka gigipiny koro, kis nono Dwo?  o kawero wer kirembe pajo; to ka otur jo i Dwo?  o aDwo?  a aked aked mu li? ali?a; aka ka ji pajo onek i Dwo?  o mi wero wer tho",,,,,,,,,,,
"Yado ?ata oyaka gi moro yo lweny paka, dhia?, diel, rombo, gwendi, i chwoko nyinge ma pako go ki chungo kwom gino kod chalirok ma del mere",,,,,,,,,,,
"  Giranena, ?ata oyaka le i lwo?o Ayepa, gweno i lwo?o Ikoro, rombo i lwo?o Adusa, dhia? omuye ilwo?o ni Imuye",,,,,,,,,,,
"  Aka ?ata omak yo lweny i lwo?o ni Oto?, Dwo?   mere ni tonge amo'kelo go",,,,,,,,,,,
"Jo Padhola chango jo misen tek tek i wach ma lweny, amu?iyo lweny madit gye chango jo turo (nen Adech I, Siro 2)",,,,,,,,,,,
"  Nenere ni miseni kod turo lweny me chango bino ri gigipiny aryo; marapena ri chowo were pajo, kis ka jo kidho lweny jo ripo chowo Were kod lamirok i migam, kendo kis ka jo turo lweny kosa jo yaka gi moro jo ripo chowo ki fuoyo Were, gi lamo gigipiny mu yaka no i migam ka fuod kocham gino",,,,,,,,,,,
"  Mararyo, chango wok kwom yen ma lweny machango jo gwere gine, jo kudhere gine, odoko jo madho",,,,,,,,,,,
"  ?ata olwenyo tek tek chango i neno ri gwer pere, i dio?eye gipi i ?ete gipi, bade gye kod iiye",,,,,,,,,,,
"  Rupir yado kadhano oneko ji yo lweny Dwo?  o gwere gi yath, aka gwer madit ma kite no nyutho ni ?ato ti oneko ji madit swa yo lweny",,,,,,,,,,,
  Jomo gwere kosa jomo madho yath lweny yado i lwo?o jo swa?  kendo i ketho kwom jo Dwo?   madit,,,,,,,,,,,
"  Nyithindho yado kituk kwom jo; kendo jo kinen nyathi ma nyaka onywol, kajo neno to nyathi no tho kosa two tek tek",,,,,,,,,,,
"(ii)	Dwar: kula ma dwa?  joboth jorom gi ku1a ma lweny",,,,,,,,,,,
"  Koyik kidho dwa?  ?ata chie? bende, maja tel milwo?o ni ja Kituka dwar, amagoyo gwara kosa sosi; man manyutho pako tonge giketho dhomigam kod chiemo, aka man manyutho kadho kumikidho iye dwar",,,,,,,,,,,
  Gwara no kosa sosi bende kikidh gine yo dwar,,,,,,,,,,,
  To kis dwa?  gye i ripo woth kod tonge kwoot gi bwo,,,,,,,,,,,
"Kotundi isa ti yaro kosa ichiko bwo, ti pokere kadiryo, jo man jo kidho te?o ku manende lee no kosa ogwa?  no ni iye gi leko obin i bwo jono ilwo?o jo ni jowaheyi",,,,,,,,,,,
"  Aka jo man jo do? kuro bwo ma kati lee otund'iye to jo nwoyo (jo nwoyo rupir me i kwano paka nek pa bwo), jo me i lwo?o jo ni jo walindi",,,,,,,,,,,
"  Ko nek lee no, jowaheyi jo tero bati gi ?et; ja nwoch tero bat achie? kende; aka won bwo amatero i kabedo pa ja nek, tero eme aryo pien gi wich",,,,,,,,,,,
"To ka obedo nek ma bwo ongoye iiye, Dwo?   mere ni makochik bwo, ja pen chwowo milwo?o ni janek tero eme aryo, pien gi wich aka ja chwowo mararyo milwo?o ni ja nwoyo tero bati achie? aka bati man kod ?et i poko jo man gye majo bino idwa?  no",,,,,,,,,,,
"Ka lee mukidh dwaro no obedo ma Dwo?   paka kwach kosa Jow, ?ata open chwowo doka doka pecho pere kidok bed kenyo",,,,,,,,,,,
  Aka konek ogwa?  no i luwo aluwa gine go yo pecho pere akipoko; rupir ndirino bedo ogwa?  pere,,,,,,,,,,,
"Janek i dwa?  gye, kodok gi migewo pere, ka fuod kochamo thumo ri?o mathin to tero yo migam to lamo ri Were gi Jwogi gye mu?iyo go silwany mago onyalo gine kelo Kirembe pecho",,,,,,,,,,,
